-- phpMyAdmin SQL Dump
-- version 5.2.0
-- https://www.phpmyadmin.net/
--
-- Host: 127.0.0.1
-- Tempo de geração: 09-Abr-2023 às 02:30
-- Versão do servidor: 10.4.24-MariaDB
-- versão do PHP: 8.1.6

SET SQL_MODE = "NO_AUTO_VALUE_ON_ZERO";
START TRANSACTION;
SET time_zone = "+00:00";


/*!40101 SET @OLD_CHARACTER_SET_CLIENT=@@CHARACTER_SET_CLIENT */;
/*!40101 SET @OLD_CHARACTER_SET_RESULTS=@@CHARACTER_SET_RESULTS */;
/*!40101 SET @OLD_COLLATION_CONNECTION=@@COLLATION_CONNECTION */;
/*!40101 SET NAMES utf8mb4 */;

--
-- Banco de dados: `infinity_cosmeticos`
--
CREATE DATABASE IF NOT EXISTS `infinity_cosmeticos` DEFAULT CHARACTER SET utf8mb4 COLLATE utf8mb4_general_ci;
USE `infinity_cosmeticos`;

-- --------------------------------------------------------

--
-- Estrutura da tabela `categorias`
--

CREATE TABLE `categorias` (
  `idcategorias` int(10) UNSIGNED NOT NULL,
  `nome` varchar(45) NOT NULL
) ENGINE=InnoDB DEFAULT CHARSET=utf8mb4;

--
-- Extraindo dados da tabela `categorias`
--

INSERT INTO `categorias` (`idcategorias`, `nome`) VALUES
(7, 'Cabelos'),
(8, 'Tratamentos'),
(9, 'Corpo e Banho'),
(10, 'Maquiagem'),
(11, 'Aromaterapia');

-- --------------------------------------------------------

--
-- Estrutura da tabela `enderecos`
--

CREATE TABLE `enderecos` (
  `idenderecos` int(10) UNSIGNED NOT NULL,
  `logradouro` varchar(150) NOT NULL,
  `endereco_numero` int(5) NOT NULL,
  `complemento` varchar(150) DEFAULT NULL,
  `cep` int(8) NOT NULL,
  `bairro` varchar(150) NOT NULL,
  `cidade` varchar(150) NOT NULL,
  `estado` varchar(2) NOT NULL,
  `pais` varchar(150) NOT NULL,
  `usuarios_idusuarios` int(10) UNSIGNED NOT NULL
) ENGINE=InnoDB DEFAULT CHARSET=utf8mb4;

--
-- Extraindo dados da tabela `enderecos`
--

INSERT INTO `enderecos` (`idenderecos`, `logradouro`, `endereco_numero`, `complemento`, `cep`, `bairro`, `cidade`, `estado`, `pais`, `usuarios_idusuarios`) VALUES
(1, 'Rua Antônio Augusto Tavares Sebilla', 50, 'casa', 5173000, 'Vila Pirituba', 'São Paulo', 'SP', 'Brasil', 8);

-- --------------------------------------------------------

--
-- Estrutura da tabela `historico_pedidos`
--

CREATE TABLE `historico_pedidos` (
  `idhistorico_pedidos` int(10) UNSIGNED NOT NULL,
  `status_pedido` varchar(150) NOT NULL,
  `pedidos_idpedidos` int(10) UNSIGNED NOT NULL
) ENGINE=InnoDB DEFAULT CHARSET=utf8mb4;

-- --------------------------------------------------------

--
-- Estrutura da tabela `marcas`
--

CREATE TABLE `marcas` (
  `idmarcas` int(10) UNSIGNED NOT NULL,
  `nome` varchar(150) NOT NULL,
  `cnpj` int(14) NOT NULL,
  `endereco` varchar(150) NOT NULL
) ENGINE=InnoDB DEFAULT CHARSET=utf8mb4;

--
-- Extraindo dados da tabela `marcas`
--

INSERT INTO `marcas` (`idmarcas`, `nome`, `cnpj`, `endereco`) VALUES
(4, 'MULTI VEGETAL', 2147483647, 'Rua Rodrigo Ribeiro de Melo, 226'),
(5, 'Ahoaloe', 2147483647, 'Rua Paulistania, 467'),
(6, 'Livealoe', 2147483647, 'Rodovia Go 230, Km 03, Margem Esquerda, S/N'),
(7, 'Souvie', 2147483647, 'Rua Sargento Gabriel Pedro de Oliveira, 151'),
(8, 'Cativa Natureza', 0, ''),
(9, 'Boni Natural', 0, ''),
(10, 'Ares de Mato', 0, ''),
(11, 'WNF', 0, ''),
(12, 'Bioart', 0, ''),
(13, 'Arte dos Aromas', 0, ''),
(14, 'Khor Cosmetics', 0, ''),
(15, 'Use Orgânico', 0, ''),
(16, 'Alva', 0, ''),
(17, 'Benecos', 0, ''),
(18, 'Care Natural Beauty', 0, ''),
(19, 'Almanati', 0, '');

-- --------------------------------------------------------

--
-- Estrutura da tabela `pedidos`
--

CREATE TABLE `pedidos` (
  `idpedidos` int(10) UNSIGNED NOT NULL,
  `codigo_pedido` int(11) NOT NULL,
  `data_pedido` date NOT NULL,
  `subtotal` varchar(45) NOT NULL,
  `total` varchar(45) NOT NULL,
  `valor_frete` varchar(45) NOT NULL,
  `usuarios_idusuarios` int(10) UNSIGNED NOT NULL
) ENGINE=InnoDB DEFAULT CHARSET=utf8mb4;

--
-- Extraindo dados da tabela `pedidos`
--

INSERT INTO `pedidos` (`idpedidos`, `codigo_pedido`, `data_pedido`, `subtotal`, `total`, `valor_frete`, `usuarios_idusuarios`) VALUES
(72, 32271, '2023-08-04', '276', '286', '10', 8),
(73, 58922, '2023-08-04', '46', '56', '10', 8),
(74, 17938, '2023-08-04', '92', '102', '10', 8),
(75, 14464, '2023-08-04', '243', '253', '10', 8);

-- --------------------------------------------------------

--
-- Estrutura da tabela `produtos`
--

CREATE TABLE `produtos` (
  `idprodutos` int(10) UNSIGNED NOT NULL,
  `titulo` varchar(255) NOT NULL,
  `descricao` longtext NOT NULL,
  `valor` decimal(5,2) NOT NULL,
  `quantidade` int(11) NOT NULL,
  `imagem` varchar(255) NOT NULL,
  `categorias_idcategorias` int(10) UNSIGNED NOT NULL,
  `marcas_idmarcas` int(10) UNSIGNED NOT NULL,
  `ativo` tinyint(4) NOT NULL,
  `imagem2` varchar(255) NOT NULL,
  `imagem3` varchar(255) NOT NULL
) ENGINE=InnoDB DEFAULT CHARSET=utf8mb4;

--
-- Extraindo dados da tabela `produtos`
--

INSERT INTO `produtos` (`idprodutos`, `titulo`, `descricao`, `valor`, `quantidade`, `imagem`, `categorias_idcategorias`, `marcas_idmarcas`, `ativo`, `imagem2`, `imagem3`) VALUES
(9, 'Puro Gel Babosa Multifuncional Natural de Aloe 60ml ', 'O que ele é?\r\nO Puro Gel Multifuncional Natural de Aloe Vera da Livealoe é rico em enzimas, aminoácidos, vitaminas A, C, D, E, complexo B, sais minerais como cálcio, sódio, magnésio, manganês, ferro, zinco, potássio e cromo e ácidos graxos. É emoliente, umectante, reparador proteico, cicatrizante, antibacteriano, antifúngico e antivirótico. Serve como base neutra natural para protocolos estéticos, terapêuticos e de aromaterapia. Pode também ser usado para diluir argila ou óleos essenciais (4 gotas de óleo essencial para 25 ml do gel), proporcionando hidratação. Pode ser aplicado puro na pele para proporcionar nutrição e hidratação. Ainda ajuda em casos de oleosidade excessiva. Estimula a produção de colágeno, ajuda a cicatrização de tecidos lesados, principalmente que foram queimados por exposição solar. Sua textura é aquosa e sem cheiro.\r\n\r\n\r\nCaracterísticas:\r\nProduto Natural e Vegano certificado pelo IBD\r\nPossui propriedades hidratantes, emolientes e cicatrizantes\r\nEstimula a produção de colágeno\r\nPode ser usado na pele e nos cabelos\r\nO que ele tem?\r\nIngredientes\r\nComposição: Aloe barbadensis gel* (Gel de a Aloe vera), Xylitol Caprylic Ester (Éster caprílico de xilitol), Xantham gum (goma xantana), Glycerin (glicerina vegetal), water (água).\r\n\r\n100% do total dos ingredientes são de origem natural\r\n\r\n95% do total dos ingredientes são da produção orgânica\r\n\r\n\r\nFórmula livre de: parabenos, sulfatos, formaldeídos, corantes artificiais, fragrância sintética, derivados de petróleo, substâncias geneticamente modificadas e substâncias irradiadas e produtos de origem animal. Não é testado em animais.\r\nPor que usar?\r\nProduto Natural e Vegano certificado pelo IBD;\r\nÉ multifuncional, podendo ser aplicado na pele e cabelo;\r\nPode ser aplicado puro ou para diluir óleos essenciais, óleos vegetais, shampoos e condicionadores;\r\nÓtimo para umedecer a argila em máscaras.\r\n\r\nIndicação\r\nO Puro Gel Multifuncional Natural de Aloe Vera da Livealoe é indicado para todos os tipos de pele e cabelos.\r\n\r\nComo usar?\r\nAplique o Puro Gel Multifuncional Natural de Aloe Vera na pele para higiene, hidratação e proteção das agressões solares, químicas e da poluição. Pode ser diluído em partes iguais no Puro Óleo de Semente de Uva da Livealoe para hidratar a pele.\r\nAplique no cabelo para fortalecer o couro cabeludo, hidratar e modelar os fios.\r\nComo veículo para a Aromaterapia, acrescentando óleos essenciais. Em 20ml, adicione 4 a 8 gotas de óleo essencial ou 8 a 16 gotas de sinergia.\r\nPara hidratar máscaras de argila de uso facial, corporal ou capilar: misture o puro gel com a argila até obter a consistência necessária (10 a 20ml de puro gel).\r\n\r\n\r\nDicas\r\nTratamento Capilar\r\nCabelos com queda: adicione ao puro gel de aloe 50 gotas de Óleo Essencial de Alecrim. Antes de lavar o cabelo, aplique o produto em todo o couro cabeludo e massageie bem. Deixe o produto por 30 minutos e lave os cabelos normalmente.\r\nCabelos com caspa: adicione 40 gotas de Óleo Essencial de Alecrim e 20 gotas Óleo Essencial de Hortelã. Antes de lavar o cabelo, aplique o produto em todo o couro cabeludo e massageie bem. Deixe o produto por 30 minutos e lave os cabelos normalmente.\r\nFortalecer o couro cabeludo e melhorar a aparência e crescimento do fio: adicione 35 gotas de Óleo Essencial de Alecrim e 35 gotas Óleo Essencial de Ylang Ylang. Antes de lavar o cabelo, aplique o produto em todo o couro cabeludo e nos fios, massageie bem. Deixe o produto por 30 minutos e lave os cabelos normalmente.\r\nCouro cabeludo com dermatoses e fios sem brilho: adicione 15 gotas de Óleo Essencial de Alecrim e 25 gotas Óleo Essencial de Lavanda e 25 Óleo Essencial de Copaíba. Antes de lavar o cabelo, aplique o produto em todo o couro cabeludo e massageie bem. Deixe o produto por 30 minutos e lave os cabelos normalmente.\r\nCabelos oleosos: adicione 10 gotas de Óleo Essencial de Lemongrass e 30 gotas de Óleo Essencial de Hortelã. Antes de lavar o cabelo, aplique o produto em todo o couro cabeludo, massageie bem. Deixe o produto por 30 minutos e lave os cabelos normalmente.\r\nCabelos secos: adicione ao Puro Gel de Aloe 50 gotas de Óleo Essencial de Lavanda e 20 Óleo Essencial de Ylang Ylang. Antes de lavar o cabelo, aplique o produto em todo o couro cabeludo e comprimento dos fios, massageie bem. Deixar o produto por 30 minutos e lave os cabelos normalmente.\r\n\r\nTratamentos Faciais\r\nele oleosa e acneica: adicione 10 gotas de Óleo Essencial de Alecrim e 25 gotas Óleo Essencial de Lavanda e 05 Óleo Essencial de Hortelã. Com o rosto limpo, passe a misturinha no rosto 02 vezes ao dia, sempre antes a qualquer outro cosmético que desejar usar.\r\nPele seca e/ou madura (tratamento sem óleo): adicione 24 gotas de Óleo Essencial de Alecrim e 18 gotas Óleo Essencial de Ylang Ylang. Com o rosto limpo, passe a misturinha no rosto 02 vezes ao dia, sempre antes a qualquer outro cosmético que desejar usar.\r\nPele Normal: adicione 25 gotas de Óleo Essencial de Lavanda e 25 gotas Óleo Essencial de Copaíba. Com o rosto limpo, passe a misturinha no rosto 02 vezes ao dia, sempre antes a qualquer outro cosmético que desejar usar.\r\nMáscaras de Argilas: a cada colher de sopa de argila, adicionar uma colher de sopa de puro gel de aloe.\r\n\r\n\r\nPrecauções\r\nMantenha o uso rotineiro do filtro solar. Havendo irritação suspenda o uso, não usar sob a pele ferida. Em caso de contato acidental com os olhos, lavar com água abundantemente. MANTER FORA DO ALCANCE DE CRIANÇAS. Conservar em local fresco. Uso externo. Não ingerir.', '15.00', -3, '1678740361013-cabelo2.webp', 7, 6, 0, '', ''),
(10, 'Puro Gel Babosa Multifuncional Natural de Aloe 500ml', 'O que ele é?\r\nO Puro Gel Multifuncional Natural de Aloe Vera da Livealoe é rico em enzimas, aminoácidos, vitaminas A, C, D, E, complexo B, sais minerais como cálcio, sódio, magnésio, manganês, ferro, zinco, potássio e cromo e ácidos graxos. É emoliente, umectante, reparador proteico, cicatrizante, antibacteriano, antifúngico e antivirótico. Serve como base neutra natural para protocolos estéticos, terapêuticos e de aromaterapia. Pode também ser usado para diluir argila ou óleos essenciais (4 gotas de óleo essencial para 25 ml do gel), proporcionando hidratação. Pode ser aplicado puro na pele para proporcionar nutrição e hidratação. Ainda ajuda em casos de oleosidade excessiva. Estimula a produção de colágeno, ajuda a cicatrização de tecidos lesados, principalmente que foram queimados por exposição solar. Sua textura é aquosa e sem cheiro.\r\n\r\n\r\nCaracterísticas:\r\nProduto Natural e Vegano certificado pelo IBD\r\nPossui propriedades hidratantes, emolientes e cicatrizantes\r\nEstimula a produção de colágeno\r\nPode ser usado na pele e nos cabelos\r\nO que ele tem?\r\nIngredientes\r\nComposição: Aloe barbadensis gel* (Gel de a Aloe vera), Xylitol Caprylic Ester (Éster caprílico de xilitol), Xantham gum (goma xantana), Glycerin (glicerina vegetal), water (água).\r\n\r\n100% do total dos ingredientes são de origem natural\r\n\r\n95% do total dos ingredientes são da produção orgânica\r\n\r\n\r\nFórmula livre de: parabenos, sulfatos, formaldeídos, corantes artificiais, fragrância sintética, derivados de petróleo, substâncias geneticamente modificadas e substâncias irradiadas e produtos de origem animal. Não é testado em animais.\r\nPor que usar?\r\nProduto Natural e Vegano certificado pelo IBD;\r\nÉ multifuncional, podendo ser aplicado na pele e cabelo;\r\nPode ser aplicado puro ou para diluir óleos essenciais, óleos vegetais, shampoos e condicionadores;\r\nÓtimo para umedecer a argila em máscaras.\r\n\r\nIndicação\r\nO Puro Gel Multifuncional Natural de Aloe Vera da Livealoe é indicado para todos os tipos de pele e cabelos.\r\n\r\nComo usar?\r\nAplique o Puro Gel Multifuncional Natural de Aloe Vera na pele para higiene, hidratação e proteção das agressões solares, químicas e da poluição. Pode ser diluído em partes iguais no Puro Óleo de Semente de Uva da Livealoe para hidratar a pele.\r\nAplique no cabelo para fortalecer o couro cabeludo, hidratar e modelar os fios.\r\nComo veículo para a Aromaterapia, acrescentando óleos essenciais. Em 20ml, adicione 4 a 8 gotas de óleo essencial ou 8 a 16 gotas de sinergia.\r\nPara hidratar máscaras de argila de uso facial, corporal ou capilar: misture o puro gel com a argila até obter a consistência necessária (10 a 20ml de puro gel).\r\n\r\n\r\nDicas\r\nTratamento Capilar\r\nCabelos com queda: adicione ao puro gel de aloe 50 gotas de Óleo Essencial de Alecrim. Antes de lavar o cabelo, aplique o produto em todo o couro cabeludo e massageie bem. Deixe o produto por 30 minutos e lave os cabelos normalmente.\r\nCabelos com caspa: adicione 40 gotas de Óleo Essencial de Alecrim e 20 gotas Óleo Essencial de Hortelã. Antes de lavar o cabelo, aplique o produto em todo o couro cabeludo e massageie bem. Deixe o produto por 30 minutos e lave os cabelos normalmente.\r\nFortalecer o couro cabeludo e melhorar a aparência e crescimento do fio: adicione 35 gotas de Óleo Essencial de Alecrim e 35 gotas Óleo Essencial de Ylang Ylang. Antes de lavar o cabelo, aplique o produto em todo o couro cabeludo e nos fios, massageie bem. Deixe o produto por 30 minutos e lave os cabelos normalmente.\r\nCouro cabeludo com dermatoses e fios sem brilho: adicione 15 gotas de Óleo Essencial de Alecrim e 25 gotas Óleo Essencial de Lavanda e 25 Óleo Essencial de Copaíba. Antes de lavar o cabelo, aplique o produto em todo o couro cabeludo e massageie bem. Deixe o produto por 30 minutos e lave os cabelos normalmente.\r\nCabelos oleosos: adicione 10 gotas de Óleo Essencial de Lemongrass e 30 gotas de Óleo Essencial de Hortelã. Antes de lavar o cabelo, aplique o produto em todo o couro cabeludo, massageie bem. Deixe o produto por 30 minutos e lave os cabelos normalmente.\r\nCabelos secos: adicione ao Puro Gel de Aloe 50 gotas de Óleo Essencial de Lavanda e 20 Óleo Essencial de Ylang Ylang. Antes de lavar o cabelo, aplique o produto em todo o couro cabeludo e comprimento dos fios, massageie bem. Deixar o produto por 30 minutos e lave os cabelos normalmente.\r\n\r\nTratamentos Faciais\r\nele oleosa e acneica: adicione 10 gotas de Óleo Essencial de Alecrim e 25 gotas Óleo Essencial de Lavanda e 05 Óleo Essencial de Hortelã. Com o rosto limpo, passe a misturinha no rosto 02 vezes ao dia, sempre antes a qualquer outro cosmético que desejar usar.\r\nPele seca e/ou madura (tratamento sem óleo): adicione 24 gotas de Óleo Essencial de Alecrim e 18 gotas Óleo Essencial de Ylang Ylang. Com o rosto limpo, passe a misturinha no rosto 02 vezes ao dia, sempre antes a qualquer outro cosmético que desejar usar.\r\nPele Normal: adicione 25 gotas de Óleo Essencial de Lavanda e 25 gotas Óleo Essencial de Copaíba. Com o rosto limpo, passe a misturinha no rosto 02 vezes ao dia, sempre antes a qualquer outro cosmético que desejar usar.\r\nMáscaras de Argilas: a cada colher de sopa de argila, adicionar uma colher de sopa de puro gel de aloe.\r\n\r\n\r\nPrecauções\r\nMantenha o uso rotineiro do filtro solar. Havendo irritação suspenda o uso, não usar sob a pele ferida. Em caso de contato acidental com os olhos, lavar com água abundantemente. MANTER FORA DO ALCANCE DE CRIANÇAS. Conservar em local fresco. Uso externo. Não ingerir.', '77.00', -3, '1678740423347-cabelo3...png', 7, 6, 0, '1678740423349-cabelo3.png', ''),
(11, 'Shampoo Vegano Fortalecedor Natural 240ml', 'O que ele é?\r\nO Shampoo Vegano Fortalecedor Natural da Livealoe possui uma fórmula inovadora com puro gel de aloe vera, responsável por nutrir o couro cabeludo com vitaminas e aminoácidos, noni, açafrão, um poderoso antioxidante e protetor dos fios e óleo de castanha do brasil, que hidrata profundamente os fios. Fortalece e nutre o couro cabeludo, devolve sedosidade e o brilho ao fio. Trata cabelos enfraquecidos, quebradiços e agredidos pela radiação solar e tratamentos químicos.\r\n\r\n\r\nCaracterísticas:\r\n• Produto Natural e Vegano certificado pelo IBD\r\n• Contém propriedades antioxidantes, hidratantes e fungicidas\r\n• Promove força e vitalidade aos cabelos\r\n• Ajuda a evitar a queda e a caspa\r\nO que ele tem?\r\nIngredientes\r\nComposição: Aloe barbadensis* leaf juice (Gel de Aloe vera), Curcuma longa*root extract (extrato de Açafrão), Morinda citrifolia* Leaf extract (extrato de Noni Folha), Moringa oleifera* Leaf extract (Extrato de Moringa Folha), Allium cepa* root Extract (Extrato de Cebola), Cymbopogon flexuosus oil (Óleo essencial de Lemongrass), Rosmarinus officinalis oil (Óleo essencial de Alecrim), Mentha piperita oil (Óleo essencial de Mentha), Bertholletia excelsa seed oil (Óleo de Castanha do Brasil), Decyl glucoside (lauril poliglucosídeo), Sodium laureth sultafe (Lauril éter sulfato de sódio), Sodium laureth sulfossuccinate (Lauril éter sulfossuccinate de sódio), Polyquaternium 67 (poliquaternio 67), Potassium sorbate (Sorbato de potássio), Glycerin (Glicerina vegetal), Xanthan Gum (Goma Xantana), Water (Água).\r\n\r\n67,40% do total dos ingredientes são de origem natural\r\n\r\n*30% do total dos ingredientes são da produção orgânica\r\n\r\n\r\nFórmula livre de: parabenos, sulfatos, formaldeídos, corantes artificiais, fragrância sintética, derivados de petróleo, substâncias geneticamente modificadas e substâncias irradiadas e produtos de origem animal. Não é testado em animais.\r\nPor que usar?\r\nIndicação\r\nO Shampoo Vegano Fortalecedor Natural é indicado para cabelos normais, oleosos, com queda e/ou caspa.\r\n\r\nComo usar?\r\nAplique o Shampoo Natural de Aloe frutas com Uva e Noni da Livealoe no cabelo molhado. Massageie o couro cabeludo por 03 minutos. Enxágue bem. Se necessário, repita o processo. Para melhor resultado utilize o Condicionador Fortalecedor.\r\nDica: para cabelos ressecados utilize duas vezes por semana.\r\n\r\n\r\nPrecauções\r\nHavendo irritação suspenda o uso, não usar sob a pele ferida. MANTER FORA DO ALCANCE DE CRIANÇAS. Conservar em local fresco. Uso externo. Não ingerir.', '46.00', 0, '1678740473850-cabelo4...webp', 7, 6, 0, '1678740473851-cabelo4.webp', ''),
(12, 'Sérum Capilar Vegano (Leave - in) Proteção 120ml', 'O que ele é?\r\nO Sérum Capilar Leave-in Natural Proteção da Ahoaloe é elaborado com o Puro Gel de Aloe e o óleo de Coco Palmiste, o Dendê que combinados com os óleos orgânicos de Paracaxi e Murumuru vindos da Amazônia, atuam protegendo e fortalecendo os fios contra as ações desagradáveis do calor do secador, do sal do mar e do cloro da piscina. Com esse Leave-in seus cabelos estarão mais fortes, disciplinados com brilho e maciez. O Leave-in é um creme sem enxague que é aplicado após a lavagem e condicionamento dos fios, ele faz uma camada protetora que auxilia na proteção de danos externos (alta temperatura de secadores, sol, cloro e etc); além de contribuir para a hidratação dos cabelos.\r\n\r\n\r\nCaracterísticas:\r\nProduto Natural e Vegano certificado pelo IBD e Ecocert\r\nMatérias primas certificadas pela Natrue\r\nDisciplina os fios sem pesar\r\nAção Anti-frizz e controlador de oleosidade excessiva\r\nO que ele tem?\r\nIngredientes\r\nAloe Vera: hhidratante, calmante e regenerador. Promove o crescimento do cabelo, além de conter enzimas proteolíticas que ajudam na remoção de pele morta do couro cabeludo.\r\nMurumuru: Rico em ácidos graxos, especialmente o mirístico e láurico repõe os lipídios perdidos pelos fios, hidratando-os e nutrindo-os profundamente.\r\n\r\nComposição: Aloe barbadensis Leaf juice*; Cetyl Alcohol; Orbignya Oleifera seed oil**; Equisetum Arvense extract*; Polyglyceryl 10 Stearate***; Glycerin; Caprilil Capryl Glucoside***; Astrocaryum Murumuru seed butter**; Cetyl Palmitate; Sodium Pca***; Benzyl Alcohol, Potassium Sorbate, Sodium Benzoate; Citrus Aurantium Dulcis peel oil; Xanthan Gum; Citrus Lemon fruit oil; Copaifera Reticulata balsam oil**; Lactic Acid; Eucalyptus Globulus oil; Linoleic Acid; Beta Carotene.\r\n\r\n*Ingredientes orgânicos certificados IBD\r\n**Ingredientes orgânicos certificados Ecocert\r\n***Matérias primas certificadas Natrue\r\n\r\n\r\nFórmula livre de: sal, sulfatos, parabenos, liberadores de formol, corantes e fragrâncias sintéticas, conservantes sintéticos, metais pesados e produtos de origem animal. Não é testado em animais.\r\nPor que usar?\r\nÉ Natural, Vegano e Cruelty free;\r\nHidrata e condiciona os fios;\r\nProtege os fios contra as ações desagradáveis do calor;\r\nFortalece os fios dos danos causados pelo sal do mar e do cloro da piscina;\r\nCombate o frizz e deixa os cabelos mais disciplinados e brilhosos.\r\n\r\nIndicação\r\nO Sérum Capilar Leave-in Natural Proteção da Ahoaloe é indicado para todos os tipos de cabelos.\r\n\r\nComo usar?\r\nAplique o Sérum Capilar Leave-in Natural Proteção da AhoAloe nos cabelos molhados, massageando-os com movimentos suaves, passe um pente para facilitar o desembaraço dos fios e proporcionar maior maciez.\r\n\r\n\r\nPrecauções\r\nHavendo irritação suspenda o uso, não usar sob a pele ferida. Em caso de contato acidental com os olhos, lavar com água abundantemente. MANTER FORA DO ALCANCE DE CRIANÇAS. Conservar em local fresco. Uso externo. Não ingerir. Manter o produto ao abrigo de luz e calor.', '69.00', 7, '1678740525646-cabelo5...webp', 7, 5, 0, '1678740525648-cabelo5.webp', ''),
(13, 'Shampoo Sólido Natural de Pitanga 100g', 'O que ele é?\r\nO Shampoo Sólido Natural de Pitanga da Cativa Natureza é elaborado com o puro extrato orgânico das folhas de pitanga do Projeto Sustentável Bacia 3 Paraná. A pitanga, rica em vitaminas A, B1, B2, B3 e C, sais minerais (ferro, cálcio e fósforo) e proteínas em conjunto com os ativos de aloe vera, copaíba e cupuaçu, fortalece e regenera os fios, além de controlar a oleosidade do couro cabeludo. O extrato orgânico de pitanga desenvolvido exclusivamente pela Cativa possui 5 vezes* mais ativos que os extratos atualmente disponíveis no mercado promovendo uma limpeza suave e deixando os cabelos macios e hidratados.\r\n\r\n\r\nCaracterísticas:\r\nProduto 100% Natural, Orgânico e Vegano certificado pelo IBD\r\nPossui propriedades remineralizantes, hidratantes, antioxidantes e suavizantes\r\nPossui 5x mais ativos\r\nÉ econômico, prático e sustentável\r\nPode ser usado por pessoas de todas as idades\r\nO que ele tem?\r\nIngredientes\r\nComposição: Orbignya oleifera Seed Oil (Óleo de Coco de Babaçu), Sodium Hydroxide, Alcohol, Glycerin, Saccharum officinarum (cana de açúcar), Decyl Glucoside, Citric Acid, Theobroma grandiflorum Seed Butter (Manteiga de Cupuaçu), Copaifera officinalis Oil (Óleo de Copaíba), Eugenia uniflora Extract* (Extrato das Folhas da Pitanga), Aloe barbadensis Extract (Extrato de Aloe Vera / Babosa), Melaleuca alternifolia Extract* (Extrato de Tea Tree / Melaleuca), Pelargonium graveolens Flower Oil (Óleo Essencial de Gerânio), Salvea esclarea Oil (Óleo Essencial de Sávia Esclerea), Citrus nobilis Oil (Óleo Essencial de Mandarina), CI 77891, Aqua, Citronellol, Geraniol, Linalool, Limonene, Stearic Acid.\r\n\r\n*Ingrediente orgânico\r\n\r\n\r\nFórmula livre de: parabenos, liberadores de formol, corantes e fragrâncias sintéticas, conservantes sintéticos, sulfatos e produtos de origem animal. Não é testado em animais.\r\nPor que usar?\r\nEconômico: rende o equivalente a 40 lavagens** ou 350 ml de shampoo líquido;\r\nSustentável: dispensa o uso dos frascos plásticos dos shampoos líquidos convencionais, minimizando o impacto ambiental do descarte da embalagem;\r\nPrático: ocupa menos espaço, sendo uma ótima opção para levar em viagens.\r\n** Quantidade aproximada, pois o rendimento deste shampoo depende também de outros fatores, como o comprimento do cabelo e da qualidade da água utilizada no banho.\r\n\r\n\r\nIndicação\r\nO Shampoo Sólido Natural de Pitanga da Cativa Natureza é indicado para todos os tipos de cabelos. Pode ser usado no corpo e rosto.\r\n\r\nComo usar?\r\nAplique o Shampoo Sólido Natural de Pitanga da Cativa Natureza com o cabelo molhado dividindo-o em partes para facilitar a aplicação. Passe delicadamente a barra umedecida no couro cabeludo até a formar espuma. Com as mãos, massageie suavemente toda a cabeça para espalhar o produto. Enxague abundantemente com água. Se necessário, repita o processo.\r\nDicas: Nos cabelos secos - lave com menos intensidade as pontas e evite lavar todos os dias, a cada 2 ou 3 dias é suficiente para não perder a oleosidade natural.\r\nNos cabelos oleosos - você pode lavar intensamente a raiz e as pontas.\r\n\r\n\r\nPrecauções\r\nHavendo irritação suspenda o uso, não usar sob a pele ferida. Em caso de contato acidental com os olhos, lavar com água abundantemente. MANTER FORA DO ALCANCE DE CRIANÇAS. Conservar em local fresco. Uso externo. Não ingerir.', '35.00', 7, '1678740603052-cabelo6.webp', 7, 8, 0, '', ''),
(14, 'Condicionador Natural Hidratação Suave Argan & Linhaça 500ml', 'O que ele é?\r\nO Condicionador Natural Hidratação Suave de Argan e Linhaça da Boni Natural possui uma fórmula natural, vegana e exclusiva que condiciona levemente os fios sem pesar e promove um brilho intenso. É elaborado com óleo de argan, poderoso antioxidante que hidrata, melhora o aspecto dos fios e as pontas duplas e ainda possui efeito anti-frizz e o óleo de linhaça, que nutre e fortalece os cabelos proporcionando um brilho intenso e evitando a quebra. Contém ainda extratos de aloe vera e calêndula, que age como anti-inflamatório no couro cabeludo.\r\n\r\n\r\nCaracterísticas:\r\nProduto Natural e Vegano\r\nEco friendly com 95% de ingredientes de origem vegetal e mineral\r\nContém propriedades antioxidantes, hidratantes e nutritivas\r\nMelhora o aspecto das pontas dupla\r\nCondiciona os fios sem pesar\r\nEmbalagem de plástico\r\nO que ele tem?\r\nIngredientes\r\nÓleo de Argan: nutre, reestrutura, fortalece, suaviza e hidrata os cabelos, controlando o volume e o frizz.\r\nÓleo de Linhaça: hidratante, nutritivo, evita a quebra e reduz o frizz.\r\nÓleo de Amêndoas Doces: hidratante, regenerador e melhora a elasticidade dos fios.\r\nExtrato de Aloe Vera: hidrata, nutre e revitaliza os cabelos.\r\nExtrato de Calêndula: anti-inflamatório, cicatrizante e regenerador. Tem ação suavizante e auxilia nos cuidados da gengiva.\r\nExtrato de Hamamélis: rico em taninos, tem ação adstringente e anti-inflamatória.\r\nComposição: aloe leaf extract, aqua, argania spinosa kernel oil, behentrimonium chloride, benzoic acid, benzyl alcohol, calendula officinalis flower extract, cetearyl alcohol, citric acid, hamamelis virginiana extract, isoamyl laurate, linum usitatissimum (linseed) seed oil, panthenol, parfum, citral, citronellol, hexyl cinnamal, limonene, linalool, propanediol, prunus amygdalus dulcis oil,  sodium benzoate, sorbitan caprylate.\r\n\r\n\r\nFórmula livre de: silicone, óleo mineral, parabenos, triclosan, álcool, corantes artificiais, derivados de petróleo, substâncias geneticamente modificadas e substâncias irradiadas. Não é testado em animais.\r\nPor que usar?\r\nIndicação\r\nO Condicionador Natural Hidratação Suave de Argan e Linhaça da Boni Natural é indicado para todos os tipos de cabelos.\r\n\r\nComo usar?\r\nApós lavar os cabelos com o Shampoo Hidratação Suave Argan & Linhaça da Boni Natural aplique o Condicionador Hidratação Suave Argan e Linhaça da Boni Natural sobre os cabelos molhados, massageando suavemente por 1 minuto. Enxague em seguida./p>\r\nPrecauções\r\n\r\nHavendo irritação suspenda o uso, não usar sob a pele ferida. Em caso de contato acidental com os olhos, lavar com água abundantemente. MANTER FORA DO ALCANCE DE CRIANÇAS. Conservar em local fresco. Uso externo. Não ingerir.', '39.00', 11, '1678740679876-cabelo7...jpg', 7, 9, 0, '1678740679876-cabelo7.webp', ''),
(15, 'Shampoo Sólido Natural Cabelos Normais a Oleosos 115g', 'O que ele é?\r\nO Shampoo Sólido Natural de Neem, Copaíba e Melaleuca da Ares de Mato é formulado com óleo de Neem que possui propriedades antifúngicas, antissépticas e hidratantes que atuam contra a queda capilar, caspa e seborreia. O óleo balsamo de copaíba equilibra a oleosidade do couro cabeludo e proporciona brilho e maciez através de suas propriedades regeneradoras, curativas e tônicas. Contém as propriedades fortificantes e reestruturadoras da dolomita que é um hidratante natural para reequilibrar a produção de óleo no couro cabeludo, combater a seborreia, a queda de cabelo e fortalecer os fios, acompanhado da argila preta um poderoso desintoxicante com ação anti-inflamatória, adstringente, absorvente e purificante. Protege os cabelos dos danos térmicos e fortalece o couro cabeludo.\r\n\r\n\r\nCaracterísticas:\r\nProduto Natural, Artesanal e Vegano\r\nEquilibra a oleosidade do couro cabeludo\r\nProporciona mais brilho e maciez aos cabelos\r\nContém cheiro dos aromas naturais dos óleos essenciais\r\nEmbalagem biodegradável com decomposição de até 3 meses em contato com a água\r\nO que ele tem?\r\nIngredientes:\r\nÓleo Essencial de Melaleuca: possui excelentes propriedades antissépticas e fungicidas. Eficaz no tratamento de caspa, queda de cabelo e seborreia. Óleo essencial que refresca, renova e purifica.\r\nleo Essencial de Alecrim: apresenta propriedades anti-inflamatórias, antissépticas e antioxidantes. Estimula a circulação do folículo piloso auxiliando no crescimento dos cabelos.\r\nleo Essencial de Cedro: tonificante e revigorante. Possui propriedades antissépticas e adstringentes que equilibram a oleosidade do couro cabeludo, auxiliando no crescimento capilar e combate a caspa.\r\nÓleo Essencial de Tangerina: possui propriedades adstringentes e ajuda a eliminar toxinas do couro cabeludo, combater a queda capilar e controlar a oleosidade.\r\nBálsamo de copaíba: possui ação anti-inflamatória, cicatrizante, antioxidante e hidratante. Utilizado em feridas, dermatites, psoríase, eczemas, seborréias, dentre outros problemas cutâneos e capilares.\r\nComposição: Elaeis Guineensis Oil* (óleo de palma), Helianthus Annus Oil (óleo de girassol), Aqua, Elaeis guineensis Kernel Oil (óleo de palmiste), Sodium Hydroxide, Ricinus Communis Oil (óleo de mamona), Azadirachta indicam Oil (óleo de neem), Persea Americana Oil (óleo de abacate), Copaifera officinalis Oil (bálsamo de copaíba), Cedrus Atlantica Oil (óleo essencial de cedro), Argilla* (argila preta), Melaleuca Alternifolia Leaf Oil (óleo essencial de melaleuca), Dolomite, Rosmarinus Officinalis Oil (óleo essencial de alecrim), Citrus Reticulata Oil (óleo essencial de tangerina), Rosmarinus Officinalis Leaf Extract (óleo resina de alecrim).\r\n\r\n*Matérias-primas oriundas de produção orgânica\r\n\r\n\r\nFórmula livre de: parabenos, liberadores de formol, corantes e fragrâncias sintéticas, conservantes sintéticos, sulfatos e produtos de origem animal. Não é testado em animais.\r\nPor que usar?\r\nIndicação\r\nO Shampoo Sólido Natural de Neem, Copaíba e Melaleuca da Ares de Mato é indicado para cabelos normais a cabelos oleosos. Pode também ser utilizado na face e no corpo.\r\n\r\nComo usar?\r\nAplique o Shampoo Sólido Natural de Neem, Copaíba e Melaleuca da Ares de Mato com o cabelo molhado dividindo-o em partes para facilitar a aplicação. Passe delicadamente a barra umedecida no couro cabeludo até a formar espuma. Com as mãos, massageie suavemente toda a cabeça para espalhar o produto. Enxague abundantemente com água. Se necessário, repita o processo. Complete a beleza de seus cabelos usando o Condicionador Sólido Natural de Cupuaçu e Castanha do Pará da Ares de Mato.\r\n\r\n\r\nPrecauções\r\nHavendo irritação suspenda o uso, não usar sob a pele ferida. MANTER FORA DO ALCANCE DE CRIANÇAS. Conservar em local fresco. Uso externo. Não ingerir.', '35.00', 10, '1678740751860-cabelo8...webp', 7, 10, 0, '1678740751860-cabelo8.png', ''),
(16, 'Gel Modelador Capilar Natural com Aloe, Hibisco e Jojoba 230g', 'O que ele é?\r\nO Gel Modelador Capilar Natural com Aloe,Hibisco e Jojoba da Multi Vegetal possui uma poderosa fórmula elaborada com aloe vera, hibisco e óleo de jojoba, que nutre, hidrata e condiciona os cabelos, sem pesar. Condiciona e nutre os fios sem agredir a estrutura do cabelo deixando-os mais bonitos, saudáveis e macios. Elimina o frizz e perfuma suavemente os fios.\r\n\r\n\r\nCaracterísticas:\r\nProduto Natural e Vegano\r\nConta com propriedades nutritivas, hidratantes e regeneradoras\r\nModela e fixa suavemente os fios\r\nElimina o frizz e controla a oleosidade\r\nDeixa os cabelos macios e com aspecto natural\r\nO que ele tem?\r\nIngredientes\r\nExtrato de Aloe Vera: hidratante, cicatrizante e refrescante.\r\nExtrato de Hibisco: renovador natural, antioxidante e rejuvenescedor.\r\nÓleo de Jojoba: cicatrizante, hidratante e anti-inflamatório.\r\nExtrato de Algas Marinhas: anti-inflamatório, nutritivo e estimulante.\r\nExtrato de Baunilha: antioxidante, aromático e tranquilizante.\r\nÓleo Essencial de Lavanda: antisséptico, anti-inflamatório e calmante da pele.\r\nÓleo Essencial de Patchouli: cicatrizante, regenerador de tecidos e hidratante.\r\nÓleo Essencial de Limão: refrescante, cicatrizante e antisséptico.\r\nComposição: Pectin; Xanthan Gum; Calcium Chloride; Gracilaria Confervoides Extract; Aloe Barbadensis Leaf Juice; Hibiscus Sabdariffa Extract; Glycerin; Tocopheryl Acetate; Jojoba Oil; Sodium Benzoate; Benzyl Alcohol; Potassium Sorbate; Lavandula Officinalis Flower Oil; Pogostemon Cablin Oil; Citrus Limon Peel Oil; Vanilla Planifolia Extract; Aqua.\r\n\r\n\r\nFórmula livre de: carbômeros, lauril sulfatos, parabenos, etanolaminas, corantes, fragrâncias artificiais, polímeros sintéticos, produtos derivados de petróleo ou de origem animal. Não testado em animais.\r\nPor que usar?\r\nIndicação\r\nO Gel Modelador Capilar Natural com Aloe,Hibisco e Jojoba é indicado para todos os tipos de cabelos.', '46.00', 10, '1678740799213-cabelo9...webp', 7, 4, 0, '1678740799214-cabelo9.webp', ''),
(17, 'Óleo Vegetal Natural de Girassol 50ml', 'O que ele é?\r\nO Óleo Vegetal de Girassol da WNF é ico em vitamina E, um super antioxidante, ácido palmítico, ácido esteárico, ácido oleico e ácido linoleico. É um excelente óleo para todos os tipos de massagem, principalmente as modeladoras manuais e intensas. Pode ser usado como óleo base para as terapias de relaxamento muscular, em massagens esportivas e como hidratante para peles secas.\r\n\r\n\r\nCaracterísticas:\r\nProduto Natural e Vegano\r\nPossui propriedades hidratantes, cicatrizantes e regeneradoras\r\nHidrata e protege a pele\r\nPromove relaxamento muscular\r\nO que ele tem?\r\nIngredientes\r\nComposição: Helianthus annuus seed oi\r\n\r\n\r\nFórmula livre de: esferas de polietileno, parabenos, óleo mineral, silicones, conservantes, corantes e fragrâncias artificiais. Livre de testes em animais e ingredientes de origem animal.\r\nPor que usar?\r\nIndicação\r\nO Óleo Vegetal de Girassol da WNF éé indicado para todos os tipos de pele.\r\n\r\nComo usar?\r\nAplique o Óleo Vegetal de Girassol da WNF na quantidade suficiente de acordo com a técnica de massagem. Para massagens com adição de óleos essenciais: aplique uma gota de óleo essencial a cada 2,5 ml do óleo vegetal de girassol.\r\n\r\n\r\nPrecauções\r\nHavendo irritação suspenda o uso, não usar sob a pele ferida. Em caso de contato acidental com os olhos, lavar com água abundantemente. MANTER FORA DO ALCANCE DE CRIANÇAS. Conservar em local fresco. Uso externo. Não ingerir.', '19.00', 10, '1678740847151-cabelo10.webp', 7, 11, 0, '', ''),
(18, 'Óleo Vegetal Seleção Exclusiva Rosa Mosqueta 20ml', 'O que ele é?\r\nO Óleo Vegetal Seleção Exclusiva Rosa Mosqueta da WNF é rico em ácidos graxos como ácido oléico, linoléico e linolênico, além de vitamina A e alguns compostos cetônicos. É comumente aplicado em pequenas áreas ressecadas, como pés, mãos, rosto, cicatrizes, manchas e pontos específicos com ressecamento. É um excelente protetor labial, além de ajudar a atenuar estrias, queloides, cicatrizes e rugas e linhas de expressão na pele, possuindo um potente efeito regenerador e emoliente sobre a pele.\r\n\r\n\r\nCaracterísticas:\r\nProduto Natural e Vegano\r\nPossui propriedades hidratantes, emolientes e regeneradoras\r\nMelhora a síntese de colágeno\r\nDeixa a pele macia, suave e sedosa\r\nEmbalagem de vidro ambar com conta gotas\r\nO que ele tem?\r\nIngredientes\r\nComposição: Rosa rubinosa oil\r\n\r\n\r\nFórmula livre de: esferas de polietileno, parabenos, óleo mineral, silicones, conservantes, corantes e fragrâncias artificiais. Livre de testes em animais e ingredientes de origem animal.\r\nPor que usar?\r\nIndicação\r\nO Óleo Vegetal Seleção Exclusiva Rosa Mosqueta da WNF é indicado para todos os tipos de pele, principalmente peles secas ou ressecadas. Obs: Contra indicado o uso em peles oleosas, mistas e acneicas.\r\n\r\nComo usar?\r\nAplique o Óleo Vegetal Seleção Exclusiva Rosa Mosqueta da WNF na quantidade suficiente de acordo com a técnica de massagem. Para massagens com adição de óleos essenciais: aplique uma gota de óleo essencial a cada 2,5 ml do óleo vegetal de rosa mosqueta.\r\n\r\n\r\nPrecauções\r\nHavendo irritação suspenda o uso, não usar sob a pele ferida. Em caso de contato acidental com os olhos, lavar com água abundantemente. MANTER FORA DO ALCANCE DE CRIANÇAS. Conservar em local fresco. Uso externo. Não ingerir.', '49.00', 10, '1678741650570-tratamento1.webp', 8, 11, 0, '', ''),
(19, 'Protetor Solar Facial Natural e Vegano com Cor FPS 30 70ml ', 'O que ele é?\r\nO Protetor Solar Facial Natural e Vegano com Cor FPS 30 da Bioart ferece alta proteção para o rosto contra os raios UVA, UVB e luz visível. Se adapta a todos os tipos de pele, e cria uma cobertura natural na pele proporcionando toque seco e efeito aveludado. Possui a exclusiva tecnologia \"Solar Techbio\" de fotoproteção física, mineral e vegetal, oferecendo proteção com segurança, sem aditivos químicos.\r\nO Protetor Solar Natural com Cor tem uma excelente ação Pro-Age, decorrente do seu poder antioxidante que combate os radicais livres, produzidos pela exposição solar, preservando as fibras de colágeno e elastina. É formulado com ativos naturais; como o óleo vegetal de açaí, um poderoso hidratante e antioxidante; um blend de Argilas biomicronizada, responsável pela cor natural do produto, além de atuar na absorção da oleosidade e na melhora da elasticidade e flacidez da pele; a tapioca, que proporciona uma melhora na aparência da pele, disfarçando os poros dilatados e linhas de expressão; a Biocápsula de Zinco revestida por Jojoba, que possui maior aderência e duração na pele, garantindo máxima fotoproteção; e a Biocápsula de Calêndula, que forma um filme protetor sobre a pele, protegendo-a de danos causados por agentes internos e externos e estimula sua regeneração, atuando contra o envelhecimento. E para completar, o Protetor Solar Natural com Cor da Bioart ainda protege o meio ambiente com a embalagem I’m Green feita a partir da cana de açúcar de fonte 100% renovável e 100% reciclável.\r\n\r\n\r\nCaracterísticas:\r\nProtetor Solar Natural, Vegano e Cruelty Free\r\nUVB 30 e UVA 14\r\nProtege dos raios UVA, UVB e luz azul\r\nSe adapta aos variados tons de pele\r\nHipoalergênico e dermatologicamente testado\r\nAntioxidante e Regenerador\r\nTextura leve e toque seco\r\nEmbalagem I’m Green\r\nO que ele tem?\r\nIngredientes\r\nBiocápsula de Calêndula: possui grande capacidade antioxidante que previne as alterações estruturais no colágeno e na elastina evitando o surgimento de rugas e manchas. Dispõe de tecnologia inovadora, onde possui o gatilho de liberação dos ativos entre a derme e a epiderme promovendo eficácia de tratamento durante o período de 8 a 12 horas após a aplicação do produto.\r\nBiocápsula de Zinco: revestida por Jojoba confere a proteção solar natural, mineral, vegetal e física. Por ser livre de nanopartículas cria maior adesão e duração na pele, o que garante máxima fotoproteção.\r\nÓleo Vegetal de Açaí: promove o metabolismo celular, reduz os processos inflamatórios e é um rico antioxidante.\r\nChá verde: proporciona uma ação estimulante, adstringente, antibacteriana, e combate os radicais livres, caracterizando um potente efeito antioxidante na pele.\r\nCapim-Limão: possui ação antifúngica, antibactericida, anti-inflamatória e antioxidante. Estudos recentes e exclusivos Bioart, apontam que o Capim Limão possui FPS 4. Garantindo assim, uma ação poderosa de fotoproteção.\r\nArgilas Biomicronizadas: Promovem rejuvenescimento cutâneo, efeito tensor, ativam a circulação, tem efeito cicatrizante e ação anti-inflamatória.\r\nComposição: Cymbopogon citratus flower water, Simmondsia Chinensis (Jojoba) Seed Oil, Jojoba Esters, Polyglyceryl-2- Stearate, Glyceryl Stearate, Stearyl Alcohol, Aqua, Propanediol, Kaolin, *Titanium Dioxide, Zinc Oxide, Ethyl Macadamiate, Silica, Stearic Acid, Euterpe oleracea fruit oil, Tocopherol, Phospholipids, Olive Oil Peg-7 Esters, Calendula officinalis flower extract, Heptyl Undecylenate, Tapioca Starch, Ethyl Olivate (and) Olea Europaea ( Olive) Leaft Extract, Ethylhexyl Olivate, Camellia sinensis leaf extract, Glyceryl Caprylate./*Titanium Dioxide (*nano free).\r\n\r\n\r\nFórmula livre de: parabenos, sulfatos, talco, PABA, benzofenoma, oxibenxona, óleo mineral, silicones, fragrâncias sintéticas, agrotóxicos, corantes e produtos de origem animal. Não é testado em animais.\r\nPor que usar?\r\nIndicação\r\nO Protetor Solar Facial Natural e Vegano com Cor FPS 30 da Bioart é indicado para todos os tipos de pele. Sem restrições para gestantes e lactantes.\r\n\r\nComo usar?\r\nAplique o Protetor Solar Facial Natural e Vegano com Cor FPS 30 da Bioart por todo rosto, pescoço e colo antes da exposição ao sol. Reaplique após suar ou molhar, e durante exposição prolongada ao sol. Recomendada a reaplicação a cada 2h de exposição solar.\r\n\r\n\r\nPrecauções\r\nHavendo irritação suspenda o uso. É necessária a reaplicação do produto para manter a sua efetividade. Ajuda a prevenir as queimaduras solares. Para crianças menores de 6 (seis) meses, consulte um médico. Este produto não oferece nenhuma proteção contra insolação. Evite exposição prolongada ao sol. Se a quantidade aplicada não for adequada, o nível de proteção será significativamente reduzido.', '118.00', 10, '1678741729926-tratamento2...webp', 8, 12, 0, '1678741729926-tratamento2.webp', ''),
(20, 'Água Micelar Natural Immortelle 240ml', 'O que ele é?\r\nO Água Micelar Natural Immortelle da Arte dos Aromas é enriquecida com extratos vegetais de immortelle, aloe vera e óleo essencial de melaleuca provenientes da agricultura orgânica. A Água Micelar Natural limpa, tonifica, hidrata, protege e remove a maquiagem e as impurezas na poluição do dia a dia. A Água Micelar Immortelle é sem parabenos, sem perfume, sem álcool e sem perfume, por conter o óleo essencial de melaleuca que é antisséptico, antifúngico, germicida, antibacteriano e antiviral apresenta ótimos resultados se aplicado em machucados, pele inflamada e com acne.\r\n\r\n\r\nCaracterísticas:\r\nProduto Natural e Vegano com ingredientes Orgânicos\r\nHidrata e controla a oleosidade\r\nAntioxidantes Naturais que auxilia na renovação da pele\r\nO que ele tem?\r\nIngredientes\r\nComposição: Aqua, Aloe Barbadensis Extract, Melaleuca Alternifolia Water, Dicaprylyl Carbonate , Sodium PCA , Biosaccharide gum-1, Decyl Glucoside, Helichrysum Stoechas Extract, Dehydroacetic Acid, Benzyl Alcohol.\r\n\r\n\r\nFórmula livre de: parabenos, liberadores de formol, corantes e fragrâncias sintéticas, solubilizantes, sulfatos e produtos de origem animal. Não é testado em animais.\r\nPor que usar?\r\nIndicação\r\nO Água Micelar Natural Immortelle da Arte dos Aromas é indicada para todos os tipos de pele.\r\n\r\nComo usar?\r\nAplique a Água Micelar Immortelle da Arte dos Aromas na pele com auxílio de uma Ecopad ou algodão. Não é necessário enxaguar. Também pode ser usado na área dos olhos.\r\n\r\n\r\nPrecauções\r\nUso externo. Manter fora do alcance de crianças. Em caso de irritação suspender o uso.', '37.00', 10, '1678741791456-tratamentos3.webp', 8, 13, 0, '', ''),
(21, 'Protetor Solar Natural Facial e Corporal FPS 30 UVA 15 50g', 'O que ele é?\r\nO Protetor Solar Natural Facial e Corporal FPS 30 UVA 15 (nova fórmula) da Khor Cosmetics é um protetor que pode ser usado todos os dias com alta proteção UVB (30) e UVA (15). Ele é um filtro solar que oferece alta proteção contra os efeitos nocivos da radiação solar. O Protetor Solar Natural da Khor Cosmetics é inovador, pois contém partículas micronizadas que mantém uma alta performance sem prejudicar o corpo e o meio ambiente. Ele foi desenvolvido com bioativos de origem natural a base de algas marinhas, calêndula, aloe vera orgânica e camomila que tem um poderoso efeito antioxidante e antienvelhecimento auxiliando na prevenção de rugas e no envelhecimento precoce da pele ocasionado pelas radiações solares.\r\nO Protetor Solar Natural da Khor Cosmetics é formulado com ingredientes orgânicos e certificação IBD de produtos naturais, além de ter certificação PETA que assegura que nenhum animal foi machucado e nenhum ingrediente animal foi usado.\r\nA Khor Cosmetics também é parceira da Eu Reciclo que é o modelo de compensação ambiental como solução para a logística reversa. A compensação ambiental, neste caso, consiste em destinar de forma ambientalmente correta uma massa de resíduos equivalente à massa das embalagens que uma empresa coloca no mercado.\r\n\r\n\r\nCaracterísticas:\r\nProduto Natural certificado pelo IBD de Ingredientes Naturais\r\nCertificado pela PETA Cruelty-free and Vegan\r\nEmpresa Parceira da Eu Reciclo\r\nAntioxidante e hidratante\r\nFPS 30 e UVA 15\r\nVolume: 50g\r\nO que ele tem?\r\nIngredientes\r\nComposição:Aqua, *Aloe barbadensis leaf juice, Xanthan gum, Glyceryl stearate, Cetearyl Alcohol, Stearic acid, Sodium cocoyl glutamate, Cetyl alcohol, Caprylic/capric triglyceride, Callendula officinalis flower oil, Cetearyl olivate, Sorbitan olivaate, Glyceryl caprylate, Heptyl undecylenate, Butyrospermum parkii (shea) butter extract, Argania spinosa kernel oil, Spent grain wax, Tocopherol, Hydrogenated vegetable oil, Titanium dioxide, Silica, Zinc oxide, *Ocimum basilicum flower water, Lonicera caprifolium extract, Lonicera japônica (honeysuckle) flower extract, Chamomilla recutita flower extract, Porphyra umbilicalis extract, Sodium lactate, Sodium benzoate, Lavandula officinalis flower oil, Glycerin, Alcohol, Pyrus malus (apple) fruit extract, Vanilla planifólia fruit extract, Rubus idaeus (raspberry) leaf extract, Rubus fructicosus (blackberry) fruit extact, Vitis vinífera (grape) fruit extract, Prunus armeniaca (apricot) fruit extract and Citric acid.\r\n\r\n*Ingredientes orgânicos certificados.\r\n\r\nANVISA nº 25351.770373/2020-44\r\n\r\n\r\nFórmula livre de: sal, sulfatos, parabenos, liberadores de formol, corantes e fragrâncias sintéticas, conservantes sintéticos, metais pesados e produtos de origem animal. Não é testado em animais.\r\nPor que usar?\r\nÉ Natural, Vegano e Cruelty free\r\nPrevine queimaduras solares sem o acumulo de resíduos na pele;\r\nMantém a hidratação da pele, evitando o ressecamento;\r\nMantém uma alta performance sem prejudicar o corpo e o meio ambiente;\r\nPode ser usado no corpo e rosto.\r\n\r\nIndicação\r\nO Protetor Solar Natural Facial e Corporal FPS 30 UVA 15 da Khor Cosmetics é indicado para todos os tipos de pele. Pode ser usado no corpo e no rosto.\r\n\r\nComo usar?\r\nAplique o Protetor Solar Natural Corporal da Khor Cosmetics abundantemente antes da exposição ao sol. Reaplique após sudorese intensa, nadar ou banhar-se, secar-se com toalha e durante exposição prolongada ao sol.\r\n\r\n\r\nPrecauções\r\nÉ necessária a reaplicação do produto para manter a sua efetividade. Ajuda a prevenir as queimaduras solares. Para crianças menores de 6 (seis) meses, consulte um médico. Este produto não oferece nenhuma proteção contra insolação. Evite exposição prolongada ao sol. Se a quantidade aplicada não for adequada, o nível de proteção será significativamente reduzido.', '86.00', 10, '1678741895047-trataamentos4...webp', 8, 14, 0, '1678741895050-trataamentos4.png', ''),
(22, 'Esfoliante Dermo Detox 70ml', 'O que ele é?\r\nO Esfoliante Dermo Detox da Bioart faz uma esfoliação física por meio dos cristais de quartzo, que promovem um peeling natural na região, sem agredir a pele e sem ressecar. Possui também na sua composição, a Argila verde bio micronizada, que tem função secativa, antisséptica, bactericida e cicatrizante; a Copaíba, que tem atividade anti-inflamatória e cicatrizante, além de atuar na regeneração da pele, estimulando o aumento da elasticidade e firmeza; e o Capim-limão, com sua ação antimicrobiana, anti-inflamatória e antioxidante.\r\nO Esfoliante Dermo Detox da Bioart faz uma limpeza profunda, removendo as células mortas e reduzindo os poros abertos, deixando a pele iluminada e com viço.\r\n\r\n\r\nCaracterísticas:\r\nProduto Natural, Vegano e Cruelty Free\r\nEsfoliação com cristais de quartzo\r\nLimpeza profunda sem agredir\r\nAntisséptica e Anti-inflamatória\r\nCicatrizante e Regeneradora\r\nPronto para uso\r\nO que ele tem?\r\nIngredientes\r\nArgila Verde: apresenta pH neutro, grande função absorvente, combate edemas, é secativa, emoliente, antisséptica, bactericida, analgésica, cicatrizante. Ela é indicada para peles oleosas e acneicas.\r\nCopaíba: é anti-inflamatória e cicatrizante, além de regenerar o colágeno, melhorando a elasticidade da pele e deixando-a com aspecto firme e jovem.\r\nCapim-Limão: possui ação antifúngica, anti bactericida, anti-inflamatória e antioxidante.\r\nComposição: Xanthan gum, Sodium lauryl glucose carboxylate (and) lauryl glucoside, Decyl glucoside, Coco-Glucoside (and) Glyceryl oleate, Aloe Barbadensis Extract, Chamomilla recutita Flower Extract, Benzyl Alcohol/Glyceryl Caprylate/Glyceryl Undecylenate, Glycerin, Kaolin, Cetearyl Olivate (and) Sorbitan Olivate, Silica, Cetyl Palmitate (and) Sorbitan Palmitate (and) Sorbitan Olivate, Cymbopogon citratus Flower Water, Copaifera officinalis (and) Tocopherol, Aqua.\r\n\r\n\r\nFórmula livre de: parabenos, sulfatos, talco, óleo mineral, silicones, fragrâncias sintéticas, agrotóxicos, mirroplásticos, corantes e produtos de origem animal. Não é testado em animais.\r\nPor que usar?\r\nIndicação\r\nO Esfoliante Dermo Detox da Bioart é indicado para todos os tipos de pele.\r\n\r\nComo usar?\r\nApós a higienização da pele, aplique o Esfoliante Dermo Detox da Bioart na zona T e nas áreas de cravos e poros dilatados (face e corpo), fazendo movimentos circulares. Pode ser usado duas vezes por semana ou uma vez ao dia. Uso noturno e/ou diurno.\r\n\r\n\r\nPrecauções\r\nContra indicado em peles sensíveis, após peelings ou concomitantes à procedimentos e produtos que irritem a pele. Havendo irritação suspenda o uso, não usar sob a pele ferida. Em caso de contato acidental com os olhos, lavar com água abundantemente. MANTER FORA DO ALCANCE DE CRIANÇAS. Conservar em local fresco. Uso externo. Não ingerir.', '79.00', 10, '1678741953878-tratamentos5...webp', 8, 12, 0, '1678741953878-tratamentos5.webp', ''),
(23, 'Creme Hidratante Facial Orgânico Copaíba e Tea Tree 50g', 'O que ele é?\r\nO Creme Hidratante Facial Orgânico Copaíba e Tea Tree da Arte dos Aromas é composto por copaíba, cupuaçu, tea tree e vitamina E, ingredientes responsáveis por nutrir e melhorar a elasticidade da pele, recuperando a sua vitalidade. O tea tree é conhecido por suas propriedades tonificantes e bactericidas, enquanto a copaíba tem efeito anti-inflamatório e regenerador cutâneo. O creme hidratante facial orgânico copaíba e tea tree ajuda no combate aos radicais livres por ser um poderoso antioxidante natural.\r\n\r\n\r\nCaracterísticas:\r\nProduto Natural, Vegano e Orgânico certificado pela Ecocert\r\nPossui propriedades regeneradoras, tonificantes e cicatrizantes\r\nCombate os radicais livres\r\nMelhora a elasticidade da pele\r\nO que ele tem?\r\nIngredientes\r\nComposição: Aqua/Water,\r\n\r\nAloe Barbadensis Extract*\r\n\r\n, Cetearyl Olivate, Sorbitan Olivate, Sodium PCA,\r\n\r\nCopaífera Officinalis(balsam copaíba) resin*\r\n\r\n, Dehydroacetic Acid, Benzyl Alcohol,\r\n\r\nTheobroma Grandiflorum Seed Butter *\r\n\r\n, Xanthan Gum,\r\n\r\nMelaleuca Alternifolia Oil*\r\n\r\n,\r\n\r\nCymbopogon Citratus Oil*\r\n\r\n, Citral, Linalool, Geraniol, d-Limonene.\r\n\r\n*Produtos Orgânicos Certificados pela Ecocert\r\n\r\n\r\nFórmula livre de: parabenos, sulfatos, formaldeídos, corantes artificiais, fragrância sintética, derivados de petróleo, substâncias geneticamente modificadas e substâncias irradiadas e produtos de origem animal. Não é testado em animais.\r\n\r\nPor que usar?\r\nIndicação\r\nO Creme Hidratante Facial Orgânico Copaíba e Tea Tree da Arte dos Aromas é indicado parpa todos os tipos de peles.\r\n\r\nComo usar?\r\nCom o rosto limpo, espalhe delicadamente o Creme Hidratante Facial Orgânico Copaíba e Tea tree da Arte dos Aromas na pele até sua completa absorção.\r\n\r\n\r\nPrecauções\r\nHavendo irritação suspenda o uso, não usar sob a pele ferida. MANTER FORA DO ALCANCE DE CRIANÇAS. Conservar em local fresco. Uso externo. Não ingerir.', '61.00', 10, '1678742041981-tratamentos6...png', 8, 13, 0, '1678742041984-tratamentos6.png', '');
INSERT INTO `produtos` (`idprodutos`, `titulo`, `descricao`, `valor`, `quantidade`, `imagem`, `categorias_idcategorias`, `marcas_idmarcas`, `ativo`, `imagem2`, `imagem3`) VALUES
(24, 'Leite Cremoso Corporal 240ml ', 'O que ele é?\r\nO Leite Cremoso Corporal Natural da Livealoe é rico em ativos naturais, como o gel de aloe vera, que possui aminoácidos, enzimas, mucopolissacarídeos, vitaminas A, C, D, E, complexo B e sais minerais, que atuam favorecendo a hidratação e nutrição da pele, o óleo de babaçu, que promove maciez e repõe a camada lipídica e o extrato de uva, que possui ação antioxidante, que retarda o envelhecimento e o aparecimento de rugas, devolvendo a suavidade e flexibilidade da pele. Pode ser utilizado com fins de hidratação diária da pele, para proteção contra radicais livres e para alívio de reações cutâneas em diversas dermatoses inclusive psoríase.\r\n\r\n\r\nCaracterísticas:\r\nProduto Natural e Vegano certificado pelo IBD\r\nPossui propriedades hidratantes, nutritivas e antioxidantes\r\nPossui pH fisiológico\r\nDeixa a pele macia, protegida e perfumada\r\nO que ele tem?\r\nIngredientes\r\nComposição: Aloe barbadensis* leaf Juice (Gel de Aloe vera orgânica Certificada), Piper umbellatum* Leaf Extract (Extrato de Pariparoba Certificada), Vitis vinifera Fruit Extract (Extrato de Uva), Lavandula angustifolia oil (Óleo essencial de Lavanda), Lavandula Hybrida Oil (Óleo essencial de Lavandim), Citrus paradise Peel Oil (Óleo essencial de Grapefruit), Cananga odorata Flower Oil (Óleo essencial de Ylang Ylang), Styrax benzoin Resin (Óleo essencial de Benjoim), Orbignya oleifera Seed Oil (Óleo de Babaçu), Glicerin (Glicerina vegetal), Capric Caprilic Trigliceride (Triglicérides do ácido caprico/caprílico), Xathan Gum (Goma xantana), Ceteayl Olivate / Sorbitan Olivate, Cetyl Palmitate / Sorbitan Palmitate / Sorbitan Olivate (Olivato Ceteoestearilico/ Olivato sorbinato), Cetearyl alcohol (Álcool cetoestearílico), Potassium sorbate (sorbato de potássio), Aqua (Água).\r\n\r\n100% do total dos ingredientes são de origem natural\r\n\r\n*30,90% do total dos ingredientes são da produção orgânica\r\n\r\n\r\nFórmula livre de: parabenos, sulfatos, formaldeídos, corantes artificiais, fragrância sintética, derivados de petróleo, substâncias geneticamente modificadas e substâncias irradiadas e produtos de origem animal. Não é testado em animais.\r\nPor que usar?\r\nIndicação\r\nO Leite Cremoso Corporal Natural é indicado para todos os tipos de pele.\r\n\r\nComo usar?\r\nAplique o Leite Cremoso Corporal Natural da Livealoe na pele do corpo e do rosto com movimentos suaves e circulares de manhã e à noite.\r\n\r\n\r\nPrecauções\r\nHavendo irritação suspenda o uso, não usar sob a pele ferida. MANTER FORA DO ALCANCE DE CRIANÇAS. Conservar em local fresco. Uso externo. Não ingerir.', '67.00', 11, '1678742129624-tratamentos7...jpg', 8, 6, 0, '1678742129625-tratamentos7.jpg', ''),
(25, 'Desodorante Natural Lavanda e Camomila 55ml', 'O que ele é?\r\nO Desodorante Natural Lavanda e Camomila da Use Orgânico é formulado com uma tecnologia inovadora de neutralização enzimática, que através de enzimas naturais da cana-de-açúcar convertem o mau odor causado pelas bactérias presentes no suor em moléculas sem cheiro. Para garantir proteção total, esta ação ainda está combinada com outras tecnologias: a neutralização de pH, a atividade antibacteriana de alguns ativos e ingredientes que absorvem o suor.\r\nAlém de todos os benefícios, o novo Desodorante Roll-on de Lavanda e Camomila da Use Orgânico traz uma combinação perfeita de óleos essenciais de lavanda, alecrim e melaleuca, que garantem um aroma aconchegante e a proteção que você precisa no seu dia a dia. A natureza aliada à ciência para proporcionar a maior eficácia!\r\n\r\n\r\nO que só ele é?\r\n• Produto Natural e Vegano\r\n• 0% alumínio e perfumes sintéticos\r\n• Neutralização enzimática do mau odor\r\n• Com óleos essenciais de lavanda e alecrim\r\n• Dermatologicamente testado\r\n• Volume: 55ml\r\nO que ele tem?\r\nComposição(INCI): Acqua, tapioca starch, grycerin, magnesium hydroxide, saccharomyces ferment, xanthan gum, glyceryl caprylate, lavandula angustifolia oil,\r\n\r\ncocos nucifera oil*\r\n\r\n, chamomilla recutita flower extract, rosmarinus officinalis oil,\r\nmelaleuca alternifolia leaf oil*\r\n\r\n, caprylhydroxamic acid.\r\nComposição(português): Água, goma de tapioca, glicerol, hidróxido de magnésio, fermento de saccharomyces, goma xantana, caprilato de glicerila, óleo de lavanda angustifolia,\r\n\r\nóleo de coco*\r\n\r\n, extrato de flor de camomila, óleo de alecrim,\r\n\r\nóleo de tea tree*\r\n\r\n, ácido caprilhidroxâmico.\r\n\r\n*Ingredientes orgânicos\r\n\r\n\r\nFórmula livre de: alumínio, álcool, glúten, parabenos, sulfatos, talco, óleo mineral, silicones, fragrâncias sintéticas, agrotóxicos, corantes e produtos de origem animal. Não é testado em animais.\r\n\r\nPor que usar?\r\nÉ vegano e Cruelty-free;\r\nEficácia desodorante 24hs (Sniff Test)\r\nPossui ativos naturais bactericidas;\r\nRegula o pH das axilas;\r\nHidrata e protege as axilas sem obstruir os poros;\r\nContém óleos puros de lavanda, alecrim, melaleuca* e coco* (*orgânicos);\r\nAxilas livres e planeta saudável;\r\nNão contém glúten.\r\n\r\nIndicação\r\nO Desodorante Natural Lavanda e Camomila da Use Orgânico é indicado para todos os tipos de pele.\r\n\r\nComo usar?\r\nAplique o Desodorante Natural Lavanda e Camomila da Use Orgânico nas axilas limpas e secas. Repita o procedimento sempre que desejado.\r\n\r\n\r\nPrecauções\r\nHavendo irritação suspenda o uso, não usar sob a pele ferida. Em caso de contato acidental com os olhos, lavar com água abundantemente.', '29.00', 10, '1678742241554-corpo1...png', 9, 15, 0, '1678742241557-corpo1.png', ''),
(26, 'Desodorante Natural Lemongrass e Sálvia 55ml', 'O que ele é?\r\nO Desodorante Natural Lemongrass e Sálvia da Use Orgânico é formulado com uma tecnologia inovadora de neutralização enzimática, que através de enzimas naturais da cana-de-açúcar convertem o mau odor causado pelas bactérias presentes no suor em moléculas sem cheiro. Para garantir proteção total, esta ação ainda está combinada com outras tecnologias: a neutralização de pH, a atividade antibacteriana de alguns ativos e ingredientes que absorvem o suor.\r\nAlém de todos os benefícios, o novo Desodorante Roll-on de Lemongrass e Sálvia da Use Orgânico traz uma combinação perfeita de óleos essenciais de lemongrass, sálvia e melaleuca, que garantem um aroma refrescante e a proteção que você precisa no seu dia a dia. A natureza aliada à ciência para proporcionar a maior eficácia!\r\n\r\n\r\nO que só ele é?\r\n• Produto Natural e Vegano\r\n• 0% alumínio e perfumes sintéticos\r\n• Neutralização enzimática do mau odor\r\n• Com óleos essenciais de lemongrass e sálvia\r\n• Dermatologicamente testado\r\n• Volume: 55ml\r\nO que ele tem?\r\nComposição(INCI): Acqua, tapioca starch, grycerin, magnesium hydroxide, saccharomyces ferment, xanthan gum, glyceryl caprylate, cymbopogon flexuosus oil,\r\n\r\ncocos nucifera oil*\r\n\r\n, salvia officinalis leaf extract, salvia sclarea oil,\r\nmelaleuca alternifolia leaf oil*\r\n\r\n, caprylhydroxamic acid.\r\nComposição(português): Água, goma de tapioca, glicerol, hidróxido de magnésio, fermento de saccharomyces, goma xantana, caprilato de glicerila, óleo de lemongrass,\r\n\r\nóleo de coco*\r\n\r\n, extrato de folha de sálvia, óleo de sálvia,\r\n\r\nóleo de tea tree*\r\n\r\n, ácido caprilhidroxâmico.\r\n\r\n*Ingredientes orgânicos\r\n\r\n\r\nFórmula livre de: alumínio, álcool, glúten, parabenos, sulfatos, talco, óleo mineral, silicones, fragrâncias sintéticas, agrotóxicos, corantes e produtos de origem animal. Não é testado em animais.\r\n\r\nPor que usar?\r\nÉ vegano e Cruelty-free;\r\nEficácia Desodorante 24 horas (Sniff Test)\r\nPossui ativos naturais bactericidas;\r\nRegula o pH das axilas;\r\nHidrata e protege as axilas sem obstruir os poros;\r\nContém óleos puros de lemongrass sálvia, melaleuca* e coco* (*orgânicos);\r\nAxilas livres e planeta saudável;\r\nNão contém glúten.\r\n\r\nIndicação\r\nO Desodorante Natural Lemongrass e Sálvia da Use Orgânico é indicado para todos os tipos de pele.\r\n\r\nComo usar?\r\nAplique o Desodorante Natural Lemongrass e Sálvia da Use Orgânico nas axilas limpas e secas. Repita o procedimento sempre que desejado.\r\n\r\n\r\nPrecauções\r\nHavendo irritação suspenda o uso, não usar sob a pele ferida. Em caso de contato acidental com os olhos, lavar com água abundantemente. MANTER FORA DO ALCANCE DE CRIANÇAS. Conservar em local fresco. Uso externo. Não ingerir.', '29.00', 10, '1678748689190-corpo2...png', 9, 15, 0, '1678748689194-corpo2.png', ''),
(27, 'Desodorante de Pedra Natural Stick Kristall Sensitive 90g', 'O que ele é?\r\nO Desodorante Stick Kristall Sensitive 90g da Alva é formulado com cristal de alúmen de potássio, um poderoso mineral natural antibacteriano que impede a proliferação de bactérias causadoras de maus odores. Com moléculas grandes que não são absorvidas pela pele, ele reduz levemente a transpiração sem entupir os poros. A pedra é solta dentro do estojo, facilitando o uso. Não contém álcool, corantes, perfume, parabenos, triclosan e cloridrato de alumínio.\r\n\r\n\r\nCaracterísticas:\r\nProduto Natural e Vegano\r\nDesodorante livre de cloreto e cloridrato de alumínio\r\nProtege a pele contra os maus odores\r\nNão entope os poros\r\nEmbalagem de plástico reciclável\r\nDura aproximadamente 18 meses\r\n\r\nIndicação\r\nO Desodorante Stick Kristall Sensitive 90g da Alva é indicado para todos os tipos de pele.\r\n\r\nO que ele tem?\r\nApenas um ingrediente:\r\nAlum (sal mineral 100% natural).\r\nEsse mineral extraído da natureza age na pele combatendo as bactérias causadoras do mau cheiro, diminuindo o odor da região das axilas. Apesar de não ter ação antitranspirante, ele regula a produção de suor.\r\n\r\n\r\nFórmula livre de:óleo mineral, parafinas e outros derivados de petróleo, silicones, parabenos, ftalatos, tolueno, laurel, sulfato de sódio, cloridrato de alumínio, polietilenoglicóis (PEGs, liberadores de formaldeído, corantes e fragrâncias sintéticas, triclosan, metais pesados, talco e produtos de origem animal. Não é testado em animais.\r\nPor que usar?\r\nÉ Natural e Vegano\r\nÉ livre de cloreto e cloridrato de alumínio;\r\nPedra Solta e Embalagem de Plástico reciclável;\r\nNão causa irritações e não entope os poros;\r\nPermite a transpiração natural e saudável do organismo;\r\nCombate bactérias causadoras dos maus odores;\r\nDura aproximadamente 18 meses.\r\nComo usar?\r\nUmedeça apenas o cristal em água corrente e aplique o Desodorante natural e vegano Kristall Sensitive da Alva nas axilas limpas e secas. Após o uso, seque e armazene no estojo.\r\nReaplique sempre que necessário. Cada corpo é único e por conta disso é difícil definir a quantidade de reaplicações. Para algumas pessoas se faz necessária a reaplicação a cada 4 horas. Já para outras a cada 6 ou 8 é o suficiente. Também vale levar em consideração o estilo de vida e a temperatura do local onde a pessoa reside.\r\nDica:Lave bem as axilas e parte interna dos braços com uma buchinha vegetal. Isso ajuda na remoção das células mortas e eliminação das bactérias causadoras do odor. Adicione vinagre branco na máquina de lavar roupas. Ele auxiliará na higienização por suas propriedades bactericidas.Troque sutiãs e tops com frequência.\r\n\r\n\r\nPrecauções\r\nHavendo irritação suspenda o uso, não usar sob a pele ferida. MANTER FORA DO ALCANCE DE CRIANÇAS. Conservar em local fresco. Uso externo. Não ingerir.', '59.00', 10, '1678748767547-corpo3...webp', 9, 16, 0, '1678748767548-corpo3.webp', ''),
(28, 'Desodorante Spray Natural Alecrim & Capim-limão 120ml', 'O que ele é?\r\nO Desodorante Spray Natural Alecrim e Capim-limão da Arte dos Aromas contém cristal de alumen, um poderoso mineral antimicrobriano que elimina das axilas as bactérias que causam mau cheiro e óleos essenciais de alecrim, capim-limão, limão siciliano e vetiver, que auxiliam na prevenção do suor excessivo, refrescam e revitalizam a pele delicada das axilas. O desodorante spray natural alecrim e capim-limão não é um antitranspirante, não obstrui os poros e ainda oferece proteção de longa duração.\r\n\r\n\r\nCaracterísticas:\r\nProduto Natural e Vegano\r\nPossui propriedades revitalizantes, antissépticas e bactericidas\r\nDesodorante livre de Alumínio\r\nAroma herbal e cítrico\r\nO que ele tem?\r\nIngredientes\r\nÓleo Essencial de Alecrim: revigorante, estimulante da circulação e antisséptico.\r\nÓleo Essencial de Lemongrass (Capim Limão): tonificante, bactericida e antifúngico.\r\nÓleo Essencial de Vetiver: hidratante, anti-inflamatório e regenerador.\r\nÓleo Essencial de Limão Siciliano: refrescante, cicatrizante, clareador da pele.\r\nExtrato de Alecrim: antisséptico, bactericida e estimulante da oxigenação da pele.\r\nComposição: Aqua/Water, Potassium Alum, Capim Limão, Alecrim.\r\n\r\n\r\nFórmula livre de: cloridrato de alumínio, álcool, triclosan, óleo mineral, parabenos, sulfatos, formaldeídos, corantes artificiais, fragrância sintética, derivados de petróleo, substâncias geneticamente modificadas e substâncias irradiadas e produtos de origem animal. Não é testado em animais.\r\nPor que usar?\r\nÉ Natural, Vegano e Cruelty-free;\r\nNão obstrui os poros e protege a pele delicada das axilas;\r\nCombate as bactérias causadores do mau odor.\r\n\r\nIndicação\r\nO Desodorante Spray Natural Alecrim e Capim-limão da Arte dos Aromas é indicado para todos os tipos de pele.\r\n\r\nComo usar?\r\nApós o banho, seque as axilas e vaporize o Desodorante Spray Natural de Alecrim e Capim-limão da Arte dos Aromas. Reaplique sempre que necessário.\r\n\r\n\r\nPrecauções\r\nHavendo irritação suspenda o uso, não usar sob a pele ferida. MANTER FORA DO ALCANCE DE CRIANÇAS. Conservar em local fresco. Uso externo. Não ingerir.', '28.00', 10, '1678748840839-corpo4...webp', 9, 16, 0, '1678748840839-corpo4.webp', ''),
(29, 'Kit 3 Desodorante Natural Lavanda e Camomila 55ml', 'O que ele é?\r\nO Kit com 3Desodorante Natural Lavanda e Camomila da Use Orgânico é formulado com uma tecnologia inovadora de neutralização enzimática, que através de enzimas naturais da cana-de-açúcar convertem o mau odor causado pelas bactérias presentes no suor em moléculas sem cheiro. Para garantir proteção total, esta ação ainda está combinada com outras tecnologias: a neutralização de pH, a atividade antibacteriana de alguns ativos e ingredientes que absorvem o suor.\r\nAlém de todos os benefícios, o novo Desodorante Roll-on de Lavanda e Camomila da Use Orgânico traz uma combinação perfeita de óleos essenciais de lavanda, alecrim e melaleuca, que garantem um aroma aconchegante e a proteção que você precisa no seu dia a dia. A natureza aliada à ciência para proporcionar a maior eficácia!\r\n\r\n\r\nCaracterísticas:\r\n• Produto Natural e Vegano\r\n• 0% alumínio e perfumes sintéticos\r\n• Neutralização enzimática do mau odor\r\n• Com óleos essenciais de lavanda e alecrim\r\n• Dermatologicamente testado\r\n• 3 unidades\r\n• Volume: 55ml\r\nO que ele tem?\r\nComposição(INCI): Acqua, tapioca starch, grycerin, magnesium hydroxide, saccharomyces ferment, xanthan gum, glyceryl caprylate, lavandula angustifolia oil,\r\n\r\ncocos nucifera oil*\r\n\r\n, chamomilla recutita flower extract, rosmarinus officinalis oil,\r\nmelaleuca alternifolia leaf oil*\r\n\r\n, caprylhydroxamic acid.\r\nComposição(português): Água, goma de tapioca, glicerol, hidróxido de magnésio, fermento de saccharomyces, goma xantana, caprilato de glicerila, óleo de lavanda angustifolia,\r\n\r\nóleo de coco*\r\n\r\n, extrato de flor de camomila, óleo de alecrim,\r\n\r\nóleo de tea tree*\r\n\r\n, ácido caprilhidroxâmico.\r\n\r\n*Ingredientes orgânicos\r\n\r\n\r\nFórmula livre de: alumínio, álcool, glúten, parabenos, sulfatos, talco, óleo mineral, silicones, fragrâncias sintéticas, agrotóxicos, corantes e produtos de origem animal. Não é testado em animais.\r\n\r\nPor que usar?\r\nÉ vegano e Cruelty-free;\r\nEficácia Desodorante 24 horas (Sniff Test)\r\nPossui ativos naturais bactericidas;\r\nRegula o pH das axilas;\r\nHidrata e protege as axilas sem obstruir os poros;\r\nContém óleos puros de lavanda, alecrim, melaleuca* e coco* (*orgânicos);\r\nAxilas livres e planeta saudável;\r\nNão contém glúten.\r\n\r\nIndicação\r\nO Desodorante Natural Lavanda e Camomila da Use Orgânico é indicado para todos os tipos de pele.\r\n\r\nComo usar?\r\nAplique o Desodorante Natural Lavanda e Camomila da Use Orgânico nas axilas limpas e secas. Repita o procedimento sempre que desejado.\r\n\r\n\r\nPrecauções\r\nHavendo irritação suspenda o uso, não usar sob a pele ferida. Em caso de contato acidental com os olhos, lavar com água abundantemente.', '88.00', 10, '1678749097418-corpo5...webp', 9, 15, 0, '1678749097418-corpo5.png', ''),
(30, 'Batom Líquido Matte Natural e Vegano 5ml', 'O que ele é?\r\nO Batom Líquido Matte Natural e Vegano da Benecosé formulado com óleo de rícino e jojoba, que nutrem e hidratam os lábios deixando-os macios e aveludados. Possui alta pigmentação e durabilidade, com textura macia e de fácil espalhabilidade, que promove maior conforto e praticidade na hora da aplicação e garante um visual perfeito para todas as ocasiões. O amido de milho fornece o efeito matte ao batom. O Batom Líquido Matte Natural e Vegano da Benecos está disponível em 5 cores: Desert Rose, Coral Kiss, Trust In Rust, Rosewood Romance e Bloody Berry.\r\n\r\n\r\nCaracterísticas:\r\nProduto Natural e Vegano com certificação Ecocert Cosmos Organic\r\nCor de alta pigmentação e longa duração\r\nHidrata e nutre os lábios\r\nEnriquecido com óleo de rícino nutritivo e óleo de jojoba\r\nFórmula não pegajosa\r\nLivre de chumbo e outros metais pesados\r\nO que ele tem?\r\nIngredientes\r\nComposição: undecane, ricinus communis (castor) seed oil*, zea mays (corn) starch*, oleic/linoleic/linolenic polyglycerides, tridecane, glyceryl rosinate, polyglyceryl-4 caprate, silica, copernicia cerifera cera/ copernica cerifera (carnauba) wax*, hydrogenated jojoba oil, polyglyceryl-3 diisostearate, parfum (fragrance)**, lecithin, tocopherol, ascorbyl palmitate, citric acid, [+/- (may contain) mica, ci 77742 (manganese violet), ci 77491 (iron oxides), ci 77492 (iron oxides), ci 77499 (iron oxides), ci 77891 (titanium dioxide), ci 77007 (ultramarines)].\r\n\r\n*Ingrediente de origem orgânica certificado\r\n\r\n**Proveniente naturalmente dos óleos essenciais\r\n\r\n\r\nFórmula livre de: parabenos, chumbo, mercúrio, triclosan, óleo mineral, silicones, conservantes, corantes e fragrâncias artificiais. Livre de testes em animais e ingredientes de origem animal.\r\nPor que usar?\r\nIndicação\r\nO Batom Líquido Matte Natural e Vegano da Benecos é indicado para todos os tipos de lábios.\r\n\r\nComo usar?\r\nAplicar delicadamente o Batom Líquido Matte Natural e Vegano da Benecos sobre os lábios. Retoque quando necessário.\r\nDica: Antes de usar o batom, faça uma esfoliação labial, isso irá deixar seus lábios muito mais uniformes e bonitos.\r\n\r\n\r\nPrecauções\r\nHavendo irritação suspenda o uso, não usar sob a pele ferida. MANTER FORA DO ALCANCE DE CRIANÇAS. Conservar em local fresco. Uso externo. Não ingerir.', '89.00', 0, '1678760450339-maquiagem1...gif', 10, 17, 0, '1678760450340-maquiagem1.gif', ''),
(31, 'Batom Natural e Vegano 4g', 'O que ele é?\r\nO Batom Natural e Vegano da Care Natural Beauty é feito com ingredientes naturais e orgânicos de alta performance e fórmula totalmente vegana e sem crueldade animal. Possui ingredientes orgânicos e naturais que nutrem e hidratam os lábios, com cores deslumbrantes, muito confortável, com textura soft matte.\r\n\r\n\r\nCaracterísticas:\r\nProduto Natural e Vegano de Alta Performance\r\nÓtima pigmentação e durabilidade\r\nIngredientes que promovem alta nutrição\r\nPreenchimento das linhas finas\r\nCombate o envelhecimento precoce da pele\r\nO que ele tem?\r\nIngredientes:\r\nEsqualano de Oliva: aliado para a hidratação e restauração da pele, formando uma barreira de proteção contra a perda de água, e com o seu uso contínuo, auxilia prevenindo e atenuando linhas de expressão, por ser um excelente antioxidante.\r\nComposição: SRicinus Communis Seed Oil, C10-18 Triglycerides, Euphorbia Cerifera (Candelilla) Wax, Tapioca Starch, Caprylic/Capric Triglycerides, Theobroma Cacao Seed Butter, Silica, Copernicia Cerifera (Carnauba) Wax, Euterpe Oleracea (Açai) Fruit Oil*, Helianthus Annuus (Sunflower) Seed Oil, Tocoph- erol, Helianthus Annuus (Sunflower) Seed Wax. Pode Conter +/-: Titanium Dioxide, Ci 77492, Ci 15850, Ci 16035, Ci 77491, Ci 77499, Ci 73360, Ci 77007, Ci 45410, Ci 15985, Ci 16035, Ci 16035:1, Ci 77288, 15985:1, 16035:1, Ci 15850:2. PROC. ANVISA No 25351.752677/2018-13.\r\n\r\n*Ingrediente orgânico.\r\n\r\n\r\nFórmula livre de: chumbo, metais pesados, parabenos, sulfatos, formaldeídos, corantes artificiais, fragrância sintética, derivados de petróleo, substâncias geneticamente modificadas e substâncias irradiadas e produtos de origem animal. Não é testado em animais.\r\nPor que usar?\r\nIndicação\r\nO Batom Natural e Vegano da Care Natural Beauty é indicado para todos os tipos de lábios.\r\n\r\nComo usar?\r\nAplique o Batom Natural e Vegano da Care Natural Beauty nos lábios limpos e secos.\r\n\r\n\r\nPrecauções\r\nHavendo irritação suspenda o uso, não usar sob a pele ferida. MANTER FORA DO ALCANCE DE CRIANÇAS. Conservar em local fresco. Uso externo. Não ingerir.', '84.00', -1, '1678760528431-maquiagem2...webp', 10, 18, 0, '1678760528432-maquiagem2.webp', ''),
(32, 'Batom Cremoso Orgânico 4g', 'O que ele é?\r\nO Batom Cremoso Orgânico da Arte dos Aromas é vegano e possui propriedades hidratantes, antioxidantes e nutritivas deixando os lábios macios e aveludados. Elaborado com extrato de romã, vitamina E, manteiga de cacau e óleo de jojoba, garante uma hidratação duradoura e ótima cobertura.\r\n\r\n\r\nCaracterísticas:\r\nProduto Natural, Vegano e Orgânico certificado pela Ecocert\r\nPossui textura cremosa\r\nProporciona hidratação e proteção de longa duração\r\nRico em antioxidantes naturais\r\nO que ele tem?\r\nIngredientes\r\nExtrato de Romã: antioxidante, regenerador e rejuvenescedor.\r\nExtrato de Damasco:cicatrizante, hidratante e revitalizante.\r\nManteiga de Cacau: hidratante, antioxidante, emoliente e restauradora.\r\nManteiga de Karité: regeneradora natural, hidratante e anti-inflamatória.\r\nÓleo de Jojoba: cicatrizante, hidratante e anti-inflamatório.\r\nÓleo de Rícino: hidratante, antibacteriano e anti-inflamatório.\r\nÓleo de Rícino: hidratante, antibacteriano e anti-inflamatório.\r\nÓleo de Oliva: hidratante, anti-inflamatório e antioxidante.\r\nÓleo de Soja: adstringente, calmante, emoliente e nutritivo.\r\nManteiga de Palma: hidratante, anti-inflamatória e antibacteriana.\r\nExtrato de Bambu: antioxidante, rejuvenescedor e revitalizante.\r\nComposição: Ricinus Communis Seed Oil*, C 10-18 Triglyccerides, Prunus Armeniaca Kernel Extract, Hydrogenated Olive Oil Stearyl Esters, Glycine Soja Oil*, Hydroxystearic/Linolenic/Oleic Polyglycerides, Parfum (Fragrance), Tocopherol, Butyrospermum Parkii Butter*, Olea Europaea Fruit Oil*, Theobroma Cacao Seed Butter*, Phyllostachis Bambusoides Rhzome Extract*, Simmondsia Chinensis Seed Oil*, Elaeis Guineensis Butter*, Punica Granatum Fruit Extract*, Bambusa Arundinacea Stem Powder. May Contain: CI 77891 (Titanium Dioxide), CI 77491 (Iron Oxides), CI 77))7 (Ultramamrines), CI 77742 (Manganese Violet), CI 77820 (Silver).\r\n\r\n100% do total dos ingredientes são de origem natural/50% do total dos ingredientes são da agricultura orgânica\r\n\r\n\r\nFórmula livre de: chumbo, metais pesados, parabenos, sulfatos, formaldeídos, corantes artificiais, fragrância sintética, derivados de petróleo, substâncias geneticamente modificadas e substâncias irradiadas e produtos de origem animal. Não é testado em animais.\r\nPor que usar?\r\nIndicação\r\nO Batom Cremoso Orgânico da Arte dos Aromas é indicado para todos os tipos de peles.\r\n\r\nComo usar?\r\nAplique o Batom Cremoso Orgânico da Arte dos Aromas nos lábios limpos e secos. Caso seus lábios estejam ressecados, utilize um balm labial natural antes da aplicação.\r\n\r\n\r\nPrecauções\r\nHavendo irritação suspenda o uso, não usar sob a pele ferida. MANTER FORA DO ALCANCE DE CRIANÇAS. Conservar em local fresco. Uso externo. Não ingerir.', '59.00', 8, '1678760615650-maquiagem3.webp', 10, 13, 0, '', ''),
(33, 'Batom Natural Cremoso e Vegano 4g', 'O que ele é?\r\nO Batom Natural Cremoso e Vegano da Almanati é formulado com ativos orgânicos que promovem hidratação aos lábios por mais tempo. Rico em vitamina E, que atua como antioxidante que protege a pele dos lábios contra a ação dos radicais livres e danos causados pelos raios UV. Com manteiga de murumuru e o puro óleo de castanha do Brasil que hidratam, regeneram e auxiliam na prevenção do envelhecimento precoce tornando-a mais macia e suave. Desliza facilmente pelos lábios e tem uma ótima cobertura sem pigmentos sintéticos e metais pesados.\r\n\r\n\r\nCaracterísticas:\r\nProduto Natural, Vegano e Certificado pelo IBD\r\nRico em ativos hidratantes e Vitamina E\r\nCobertura Cremosa\r\nEmbalagem de papel reciclável\r\n3 Cores com Alta Pigmentação\r\nO que ele tem?\r\nIngredientes:\r\nVitamina E: atua como antioxidante que protege a pele dos lábios contra a ação dos radicais livres e danos causados pelos raios UV.\r\nManteiga de Murumuru: Rico em ácidos graxos, especialmente o mirístico e láurico repõe os lipídios perdidos pelos fios, hidratando-os e nutrindo-os profundamente.\r\nÓleo Vegetal de Castanha do Brasil: rico em nutrientes como selênio e ácido oleico, substâncias essenciais nos processos de formação do tecido epitelial, hidrata e regenera a pele ajuda a prevenir o envelhecimento precoce tornando-a mais macia e suave.\r\nComposição: Ricinus Communis Seed Oil, Euphorbia Cerifera Wax, C10-18 Tryglycerides, Coco-Caprylate/Caprate, Astrocaryum Murumuru Seed Butter, Bertholletia Excelsa Seed Oil, Tocopherol, Mentha Piperita Flower Oil. Pode conter: CI 77891, CI 77742, CI 77491, CI 77492, CI 77499.\r\n\r\n\r\nFórmula livre de: chumbo, metais pesados, parabenos, sulfatos, formaldeídos, corantes artificiais, fragrância sintética, derivados de petróleo, substâncias geneticamente modificadas e substâncias irradiadas e produtos de origem animal. Não é testado em animais.\r\nPor que usar?\r\nIndicação\r\nO Batom Natural Cremoso e Vegano da Almanati é indicado para todos os tipos de lábios.\r\n\r\nComo usar?\r\nAplique o Batom Natural Cremoso e Vegano da Almanati nos lábios limpos e secos. Caso seus lábios estejam ressecados, utilize o Protetor Labial Natural da Almanati antes da aplicação.\r\n\r\n\r\nPrecauções\r\nHavendo irritação suspenda o uso, não usar sob a pele ferida. MANTER FORA DO ALCANCE DE CRIANÇAS. Conservar em local fresco, arejado e ao abrigo de luz. Uso externo. Não ingerir.', '59.00', 10, '1678760677163-maquiagem4.webp', 10, 19, 0, '', ''),
(34, 'Pó Facial Natural Bionutritivo com Proteção Solar FPS 25 4g', 'O que ele é?\r\nO Pó Facial Natural e Vegano Bionutritivo da Bioart é composto por um blend de argilas coloridas e tapioca, ingredientes poderosos que trazem equilíbrio, firmeza, tonicidade e uma barreira de proteção solar natural à pele. É o único pó de tratamento biomimético do Brasil, uma tecnologia exclusiva que imita de forma natural a cor da pele, sem uso de corantes sintéticos, proporcionando uma tez aveludada e com efeito matte. Protege a pele dos raios UV e das fortes luzes artificiais que também são responsáveis pelo surgimento de manchas e envelhecimento precoce.\r\nO que só ele é?\r\nProduto Vegano, Natural e com Proteção Solar.\r\nNutre a pele e protege contra os raios solares e luzes artificiais\r\nPromove o aumento da elasticidade e equilibra a oleosidade sem ressecar\r\nMinimiza os poros, cobre imperfeições e não marca as linhas de expressão\r\nPossui acabamento matte aveludado\r\nCores: #1, #3 e #4 com FPS 25. Cor #2 com FPS35\r\nO que ele tem?\r\nArgilas Especiais de Fonte Renovável e Sustentável: estimulantes da síntese de colágeno na pele, protetoras e firmadoras. Tapioca: oferece disfarce óptico das linhas de expressão, nutritiva e garante toque suave e aveludado à pele.\r\nComposição Natural e Orgânica: argilla/montmorillonite/kaolin/mica, titanium dioxide, tapioca starch.\r\nFórmula livre de: glúten, fragrância sintética, corante sintético, estrogênio, parabenos, ingredientes sintéticos tóxicos, ingredientes geneticamente modificados. Não testado em animais.\r\n\r\nPor que usar?\r\nO Pó Facial Natural e Vegano Bionutritivo da Bioart é indicado para todos os tipos de pele, e auxilia na proteção solar e na proteção da luz azul.\r\n\r\nComo usar?\r\nAplique o pó facial natural da Bioart diariamente espalhando suavemente com a esponja em todo o rosto. Pode ser retocado ao longo do dia para potencializar sua ação.\r\nDica: utilize sempre após o Primer Bionutritivo e a Base Líquida Bionutritiva para obter uma pele muito mais bonita, saudável e com proteção solar física natural.\r\nPrecaução\r\nHavendo irritação suspenda o uso, não usar sob a pele ferida. MANTER FORA DO ALCANCE DE CRIANÇAS. Conservar em local fresco. Uso externo. Não ingerir.', '92.00', 8, '1678837538461-maquiagem5.webp', 10, 12, 0, '', ''),
(35, 'Pó Facial Mineral Solto Orgânico e Vegano 10g', 'O que ele é?\r\nO Pó Facial Mineral Orgânico e Vegano da Benecos retira o brilho da pele e fixa ainda mais a maquiagem. O Pó facial Mineral Natural é utilizado para matificar a pele e fixar ainda mais a maquiagem. É o ajudante ideal para garantir uma aparência suave e perfeita. Sua combinação de ingredientes ativos de minerais naturais com óleo de argan orgânico que ajuda na regeneração celular, sendo capaz de eliminar o aparecimento de manchas da idade e cicatrizes, além de ser um excelente fungicida e bactericida natural, e o óleo de girassol orgânico É fonte de vitamina E, que é uma excelente hidratante e regeneradora da pele, além de contar com as vitaminas D, C e A, acentuam-se suavemente na pele e o óleo essencial de camomila orgânica acalma e neutraliza irritações. Todos os ingredientes são Naturais, Orgânicos e Veganos.\r\n\r\n\r\nCaracterísticas:\r\nProduto Natural, Orgânico e Vegano certificado pela BDIH\r\nAuxilia no controle da oleosidade\r\nProtege sua pele de fatores externos sem ressecar.\r\nCores: Translucido, Light Sand, Sand, Medium Beige\r\nO que ele tem?\r\nIngredientes:\r\nÓleo Vegetal de Argan Orgânico: regenerador celular, sendo capaz de eliminar o aparecimento de manchas da idade e cicatrizes, além de ser um excelente fungicida e bactericida natural.\r\nÓleo Essencial Orgânico de Camomila: possui ação calmante e anti-inflamatória na pele.\r\nÓleo Vegetal de Sementes de Girassol Orgânico: protege sua pele e a deixa com uma sensação sedosa, melhora a função natural de proteção da pele.\r\nComposição:) Mica, Zea Mays Starch(Amido de Milho)*, Caolina, Zinco Stearate, Silica, Capilato de Glicerilo, Argania spinosa kernel oil (Óleo de Argan)*, Parfum (Fragrância Natural), Tocoferol, Helianthus Anuus (Óleo de Sementes de Girassol)*, Chamomilla Recutita (Matricaria) Flower Extract (Óleo Essencial de Camomila)*, CI 77891, CI 77492, CI 77491, CI 77499.\r\n\r\n*ingredientes orgânicos certificados\r\n\r\n\r\nFórmula livre de: glúten, fragrância sintética, corante sintético, estrogênio, parabenos, ingredientes sintéticos tóxicos, ingredientes geneticamente modificados. Não testado em animais. Sem produtos de origem animal.\r\nPor que usar?\r\nIndicação\r\nO Pó Facial Mineral Orgânico e Vegano da Benecos é indicado para todos os tipos de pele.\r\n\r\nComo usar?\r\nApós a base e o corretivo, com um pincel para pó ou esponja passe delicadamente com pequenas batidinhas o Pó Facial Mineral Orgânico e Vegano da Benecos na pele, para finalizar sua maquiagem utilize uma água termal para maior durabilidade e acabamento perfeito.\r\n\r\n\r\nPrecauções\r\nHavendo irritação suspenda o uso, não usar sob a pele ferida. Em caso de contato acidental direto com os olhos, lavar com água abundantemente. MANTER FORA DO ALCANCE DE CRIANÇAS. Conservar em local fresco. Uso externo. Não ingerir.', '90.00', 10, '1678837585889-maquiagem6.png', 10, 17, 0, '', ''),
(36, 'Pó Facial Translúcido Orgânico, Natural e Vegano 18g', 'O que ele é?\r\nO Pó Facial Translúcido Orgânico, Natural e Vegano da Cativa Natureza equilibra a pele, absorve a oleosidade e suor sem ressecar, se adapta em todas as tonalidades de pele, sela a maquiagem e reduz o brilho. Formulado com argila, auxilia no controle da oleosidade e minimiza a aparência dos poros, deixando a pele com aparência suave e macia Permitindo que a pele respire, além de promover troca iônica que revitaliza a pele minimizando aspecto de pele cansada.\r\n\r\n\r\nCaracterísticas:\r\nProduto 100% Natural, Orgânico e Vegano certificado pela IBD\r\nEmbalagem Biodegradável e Reciclável\r\nAdaptável para todos os tons de peles\r\nFeito com Argila que trata sua pele sem ressecar\r\nO que ele tem?\r\nIngredientes\r\nArgila: componente de origem mineral, coletada diretamente do solo, composta por alumínio (óxido de alumínio), sílica (óxido de silício) e água.\r\nComposição: Kaolin (argila).\r\n\r\n\r\nFórmula livre de: parabenos, corantes sintéticos, fragrâncias artificiais, ingredientes derivados de petróleo e ingredientes de origem animal. Não é testado em animais.\r\nPor que usar?\r\nIndicação\r\nO Pó Facial Translúcido Orgânico, Natural e Vegano Branca da Cativa Natureza é indicado para todos os tipos de pele.\r\n\r\nComo usar?\r\nApós o uso da base, com uma esponja ou pincel, aplique o Pó Facial Translúcido Orgânico, Natural e Vegano da Cativa Natureza com suaves pressões sobre a pele. Também pode ser utilizado na pele limpa e hidratada para controlar o brilho e obter acabamento aveludado.\r\n\r\n\r\nPrecauções\r\nHavendo irritação suspenda o uso, não usar sob a pele ferida. Em caso de contato acidental com os olhos, lavar com água abundantemente. MANTER FORA DO ALCANCE DE CRIANÇAS. Conservar em local fresco. Uso externo. Não ingerir.', '99.00', 9, '1678837655583-maquiagem7...webp', 10, 8, 0, '1678837655585-maquiagem7.png', '');

-- --------------------------------------------------------

--
-- Estrutura da tabela `produtos_pedidos`
--

CREATE TABLE `produtos_pedidos` (
  `idprodutos_pedidos` int(10) UNSIGNED NOT NULL,
  `produtos_idprodutos` int(10) NOT NULL,
  `usuarios_idusuarios` int(10) UNSIGNED NOT NULL,
  `pedidos_idpedidos` int(10) UNSIGNED NOT NULL
) ENGINE=InnoDB DEFAULT CHARSET=utf8mb4;

--
-- Extraindo dados da tabela `produtos_pedidos`
--

INSERT INTO `produtos_pedidos` (`idprodutos_pedidos`, `produtos_idprodutos`, `usuarios_idusuarios`, `pedidos_idpedidos`) VALUES
(58, 9, 8, 72),
(59, 10, 8, 72),
(60, 11, 8, 73),
(61, 11, 8, 74),
(62, 12, 8, 75),
(63, 13, 8, 75);

-- --------------------------------------------------------

--
-- Estrutura da tabela `usuarios`
--

CREATE TABLE `usuarios` (
  `idusuarios` int(10) UNSIGNED NOT NULL,
  `nome` varchar(150) NOT NULL,
  `sobrenome` varchar(150) NOT NULL,
  `email` varchar(100) NOT NULL,
  `senha` varchar(255) NOT NULL,
  `documento_usuario` varchar(11) NOT NULL,
  `telefone` varchar(11) NOT NULL,
  `data_nascimento` date DEFAULT NULL,
  `idadmin` int(11) NOT NULL,
  `foto_usuario` varchar(100) DEFAULT NULL
) ENGINE=InnoDB DEFAULT CHARSET=utf8mb4;

--
-- Extraindo dados da tabela `usuarios`
--

INSERT INTO `usuarios` (`idusuarios`, `nome`, `sobrenome`, `email`, `senha`, `documento_usuario`, `telefone`, `data_nascimento`, `idadmin`, `foto_usuario`) VALUES
(8, 'Kaique', 'Masqueto', 'kaiquemasqueto@gmail.com', '$2b$10$IzWZO40GyYHIBB3bLO.QM.19feQSTB.Jz776Dfvw7FFH0cMfEIs1O', '12345678901', '12345678901', NULL, 0, NULL),
(9, 'Elayne ', 'Luiza', 'elayne_030311@hotmail.com', '$2b$10$d9JCVvuL/BzT8VsVnGgpwOAGYA4o3rAIRMBCkFUK1lQvj7B5noyuK', '39721797820', '11949511449', NULL, 0, NULL),
(10, 'Maria', 'Lucilia', 'lucilia@gmail.com', '$2b$10$nxb94P.W9dTzL7vS.vleue5lE0aIVaHqjUFgY9CI2arkOlLZtS7Bm', '12345678901', '12345678901', NULL, 0, NULL),
(11, 'Kaique', 'Masqueto', 'kaique@gmail.com', '$2b$10$.iUW/HysBTq3JQnzcoMKX.O7DCsp2d4F1nzreq/m9kKsHriX5Du5q', '44534053835', '11949511449', NULL, 0, NULL),
(19, 'Kaique', 'Masqueto', 'kaiquemasqueto2@gmail.com', '$2b$10$s3Y7vhDtcFjX2zcweiGECeLA/hShRiEUbPlodCJIamNeQ2X9lHR42', '44534053835', '11949511449', NULL, 1, NULL),
(21, 'Danieli', 'Jaqueline', 'djaqueline.nascimento@gmail.com', '$2b$10$SFlaRziBpdXbhebZLlArt.gQq4mkzEruaZmg0yoVI4vwriZQ6Cvvm', '12345678901', '12345678901', NULL, 1, NULL);

--
-- Índices para tabelas despejadas
--

--
-- Índices para tabela `categorias`
--
ALTER TABLE `categorias`
  ADD PRIMARY KEY (`idcategorias`);

--
-- Índices para tabela `enderecos`
--
ALTER TABLE `enderecos`
  ADD PRIMARY KEY (`idenderecos`),
  ADD KEY `usuarios_idusuarios` (`usuarios_idusuarios`);

--
-- Índices para tabela `historico_pedidos`
--
ALTER TABLE `historico_pedidos`
  ADD PRIMARY KEY (`idhistorico_pedidos`),
  ADD KEY `pedidos_idpedidos` (`pedidos_idpedidos`);

--
-- Índices para tabela `marcas`
--
ALTER TABLE `marcas`
  ADD PRIMARY KEY (`idmarcas`);

--
-- Índices para tabela `pedidos`
--
ALTER TABLE `pedidos`
  ADD PRIMARY KEY (`idpedidos`),
  ADD KEY `usuarios_idusuarios` (`usuarios_idusuarios`);

--
-- Índices para tabela `produtos`
--
ALTER TABLE `produtos`
  ADD PRIMARY KEY (`idprodutos`),
  ADD KEY `categorias_idcategorias` (`categorias_idcategorias`),
  ADD KEY `marcas_idmarcas` (`marcas_idmarcas`);

--
-- Índices para tabela `produtos_pedidos`
--
ALTER TABLE `produtos_pedidos`
  ADD PRIMARY KEY (`idprodutos_pedidos`),
  ADD KEY `produtos_idprodutos` (`produtos_idprodutos`),
  ADD KEY `usuarios_idusuarios` (`usuarios_idusuarios`),
  ADD KEY `pedidos_idpedidos` (`pedidos_idpedidos`);

--
-- Índices para tabela `usuarios`
--
ALTER TABLE `usuarios`
  ADD PRIMARY KEY (`idusuarios`);

--
-- AUTO_INCREMENT de tabelas despejadas
--

--
-- AUTO_INCREMENT de tabela `categorias`
--
ALTER TABLE `categorias`
  MODIFY `idcategorias` int(10) UNSIGNED NOT NULL AUTO_INCREMENT, AUTO_INCREMENT=13;

--
-- AUTO_INCREMENT de tabela `enderecos`
--
ALTER TABLE `enderecos`
  MODIFY `idenderecos` int(10) UNSIGNED NOT NULL AUTO_INCREMENT, AUTO_INCREMENT=2;

--
-- AUTO_INCREMENT de tabela `historico_pedidos`
--
ALTER TABLE `historico_pedidos`
  MODIFY `idhistorico_pedidos` int(10) UNSIGNED NOT NULL AUTO_INCREMENT;

--
-- AUTO_INCREMENT de tabela `marcas`
--
ALTER TABLE `marcas`
  MODIFY `idmarcas` int(10) UNSIGNED NOT NULL AUTO_INCREMENT, AUTO_INCREMENT=22;

--
-- AUTO_INCREMENT de tabela `pedidos`
--
ALTER TABLE `pedidos`
  MODIFY `idpedidos` int(10) UNSIGNED NOT NULL AUTO_INCREMENT, AUTO_INCREMENT=76;

--
-- AUTO_INCREMENT de tabela `produtos`
--
ALTER TABLE `produtos`
  MODIFY `idprodutos` int(10) UNSIGNED NOT NULL AUTO_INCREMENT, AUTO_INCREMENT=39;

--
-- AUTO_INCREMENT de tabela `produtos_pedidos`
--
ALTER TABLE `produtos_pedidos`
  MODIFY `idprodutos_pedidos` int(10) UNSIGNED NOT NULL AUTO_INCREMENT, AUTO_INCREMENT=64;

--
-- AUTO_INCREMENT de tabela `usuarios`
--
ALTER TABLE `usuarios`
  MODIFY `idusuarios` int(10) UNSIGNED NOT NULL AUTO_INCREMENT, AUTO_INCREMENT=23;

--
-- Restrições para despejos de tabelas
--

--
-- Limitadores para a tabela `enderecos`
--
ALTER TABLE `enderecos`
  ADD CONSTRAINT `enderecos_ibfk_1` FOREIGN KEY (`usuarios_idusuarios`) REFERENCES `usuarios` (`idusuarios`);

--
-- Limitadores para a tabela `historico_pedidos`
--
ALTER TABLE `historico_pedidos`
  ADD CONSTRAINT `historico_pedidos_ibfk_1` FOREIGN KEY (`pedidos_idpedidos`) REFERENCES `pedidos` (`idpedidos`);

--
-- Limitadores para a tabela `pedidos`
--
ALTER TABLE `pedidos`
  ADD CONSTRAINT `usuarios_idusuarios` FOREIGN KEY (`usuarios_idusuarios`) REFERENCES `usuarios` (`idusuarios`);

--
-- Limitadores para a tabela `produtos`
--
ALTER TABLE `produtos`
  ADD CONSTRAINT `produtos_ibfk_1` FOREIGN KEY (`categorias_idcategorias`) REFERENCES `categorias` (`idcategorias`),
  ADD CONSTRAINT `produtos_ibfk_2` FOREIGN KEY (`marcas_idmarcas`) REFERENCES `marcas` (`idmarcas`);

--
-- Limitadores para a tabela `produtos_pedidos`
--
ALTER TABLE `produtos_pedidos`
  ADD CONSTRAINT `produtos_pedidos_ibfk_2` FOREIGN KEY (`usuarios_idusuarios`) REFERENCES `usuarios` (`idusuarios`),
  ADD CONSTRAINT `produtos_pedidos_ibfk_3` FOREIGN KEY (`pedidos_idpedidos`) REFERENCES `pedidos` (`idpedidos`);
COMMIT;

/*!40101 SET CHARACTER_SET_CLIENT=@OLD_CHARACTER_SET_CLIENT */;
/*!40101 SET CHARACTER_SET_RESULTS=@OLD_CHARACTER_SET_RESULTS */;
/*!40101 SET COLLATION_CONNECTION=@OLD_COLLATION_CONNECTION */;
